GEO_ID,FIPS,Census_Tract_Name,Total population
1400000U,6037101110,1011.1,4152
1400000U,6037101122,1011.22,4198
1400000U,6037101220,1012.2,3434
1400000U,6037101221,1012.21,3931
1400000U,6037101222,1012.22,2572
1400000U,6037101300,1013,4210
1400000U,6037101400,1014,3489
1400000U,6037102103,1021.03,2054
1400000U,6037102104,1021.04,4052
1400000U,6037102105,1021.05,1664
1400000U,6037102107,1021.07,3595
1400000U,6037103101,1031.01,2705
1400000U,6037103102,1031.02,4468
1400000U,6037103201,1032.01,4425
1400000U,6037103202,1032.02,1945
1400000U,6037103300,1033,4021
1400000U,6037103401,1034.01,2552
1400000U,6037103402,1034.02,3809
1400000U,6037104103,1041.03,4257
1400000U,6037104105,1041.05,5890
1400000U,6037104108,1041.08,4952
1400000U,6037104124,1041.24,4090
1400000U,6037104201,1042.01,4325
1400000U,6037104203,1042.03,4978
1400000U,6037104204,1042.04,3736
1400000U,6037104310,1043.1,4476
1400000U,6037104321,1043.21,2926
1400000U,6037104322,1043.22,1856
1400000U,6037104401,1044.01,3083
1400000U,6037104403,1044.03,2292
1400000U,6037104404,1044.04,3374
1400000U,6037104500,1045,3539
1400000U,6037104610,1046.1,3124
1400000U,6037104620,1046.2,3266
1400000U,6037104701,1047.01,3916
1400000U,6037104703,1047.03,2306
1400000U,6037104704,1047.04,4662
1400000U,6037104821,1048.21,3476
1400000U,6037104822,1048.22,2199
1400000U,6037104823,1048.23,3195
1400000U,6037104824,1048.24,2582
1400000U,6037106010,1060.1,4049
1400000U,6037106020,1060.2,4850
1400000U,6037106111,1061.11,4707
1400000U,6037106112,1061.12,5035
1400000U,6037106113,1061.13,3835
1400000U,6037106114,1061.14,6929
1400000U,6037106403,1064.03,3860
1400000U,6037106405,1064.05,4149
1400000U,6037106406,1064.06,6292
1400000U,6037106407,1064.07,2333
1400000U,6037106408,1064.08,3832
1400000U,6037106510,1065.1,5599
1400000U,6037106520,1065.2,5484
1400000U,6037106603,1066.03,3681
1400000U,6037106604,1066.04,4349
1400000U,6037106641,1066.41,2096
1400000U,6037106642,1066.42,3514
1400000U,6037106643,1066.43,4311
1400000U,6037106645,1066.45,3672
1400000U,6037106646,1066.46,3092
1400000U,6037106648,1066.48,4713
1400000U,6037106649,1066.49,2689
1400000U,6037107010,1070.1,2997
1400000U,6037107020,1070.2,4921
1400000U,6037108101,1081.01,2128
1400000U,6037108102,1081.02,3477
1400000U,6037108103,1081.03,3053
1400000U,6037108104,1081.04,1754
1400000U,6037108202,1082.02,10248
1400000U,6037108203,1082.03,3157
1400000U,6037108204,1082.04,1782
1400000U,6037109100,1091,2861
1400000U,6037109200,1092,2863
1400000U,6037109300,1093,2905
1400000U,6037109400,1094,3620
1400000U,6037109500,1095,3907
1400000U,6037109601,1096.01,5042
1400000U,6037109603,1096.03,4038
1400000U,6037109604,1096.04,2721
1400000U,6037109700,1097,4259
1400000U,6037109800,1098,4625
1400000U,6037111100,1111,2965
1400000U,6037111201,1112.01,3275
1400000U,6037111202,1112.02,5742
1400000U,6037111204,1112.04,5902
1400000U,6037111205,1112.05,3627
1400000U,6037111206,1112.06,4295
1400000U,6037111302,1113.02,4967
1400000U,6037111303,1113.03,4567
1400000U,6037111304,1113.04,3082
1400000U,6037111401,1114.01,2193
1400000U,6037111402,1114.02,5998
1400000U,6037113101,1131.01,3540
1400000U,6037113102,1131.02,2980
1400000U,6037113211,1132.11,4138
1400000U,6037113212,1132.12,2872
1400000U,6037113213,1132.13,5068
1400000U,6037113231,1132.31,2233
1400000U,6037113232,1132.32,4777
1400000U,6037113234,1132.34,5640
1400000U,6037113235,1132.35,1690
1400000U,6037113237,1132.37,4765
1400000U,6037113238,1132.38,4596
1400000U,6037113239,1132.39,2134
1400000U,6037113301,1133.01,4255
1400000U,6037113303,1133.03,3799
1400000U,6037113322,1133.22,4761
1400000U,6037113323,1133.23,3904
1400000U,6037113324,1133.24,2837
1400000U,6037113423,1134.23,2845
1400000U,6037113424,1134.24,3133
1400000U,6037113425,1134.25,4254
1400000U,6037113426,1134.26,2302
1400000U,6037113427,1134.27,2386
1400000U,6037113428,1134.28,4120
1400000U,6037115101,1151.01,5034
1400000U,6037115103,1151.03,2606
1400000U,6037115104,1151.04,4404
1400000U,6037115202,1152.02,6034
1400000U,6037115203,1152.03,1929
1400000U,6037115204,1152.04,3953
1400000U,6037115301,1153.01,4438
1400000U,6037115302,1153.02,3839
1400000U,6037115401,1154.01,5637
1400000U,6037115403,1154.03,3379
1400000U,6037115404,1154.04,2619
1400000U,6037117101,1171.01,5233
1400000U,6037117102,1171.02,2427
1400000U,6037117201,1172.01,4108
1400000U,6037117202,1172.02,2818
1400000U,6037117301,1173.01,3808
1400000U,6037117302,1173.02,4950
1400000U,6037117303,1173.03,4162
1400000U,6037117404,1174.04,5216
1400000U,6037117405,1174.05,3048
1400000U,6037117407,1174.07,3185
1400000U,6037117408,1174.08,2505
1400000U,6037117510,1175.1,3790
1400000U,6037117520,1175.2,4345
1400000U,6037117530,1175.3,5741
1400000U,6037119001,1190.01,4283
1400000U,6037119003,1190.03,3332
1400000U,6037119004,1190.04,2759
1400000U,6037119201,1192.01,3976
1400000U,6037119202,1192.02,4674
1400000U,6037119310,1193.1,3767
1400000U,6037119320,1193.2,4292
1400000U,6037119340,1193.4,3748
1400000U,6037119341,1193.41,2744
1400000U,6037119342,1193.42,2791
1400000U,6037119400,1194,4650
1400000U,6037119700,1197,4414
1400000U,6037119801,1198.01,2702
1400000U,6037119802,1198.02,3094
1400000U,6037119900,1199,4503
1400000U,6037120010,1200.1,2643
1400000U,6037120020,1200.2,3973
1400000U,6037120030,1200.3,2576
1400000U,6037120103,1201.03,2879
1400000U,6037120104,1201.04,2603
1400000U,6037120105,1201.05,2755
1400000U,6037120106,1201.06,4282
1400000U,6037120107,1201.07,4130
1400000U,6037120108,1201.08,4558
1400000U,6037120300,1203,5469
1400000U,6037120400,1204,5820
1400000U,6037121010,1210.1,5213
1400000U,6037121020,1210.2,3481
1400000U,6037121101,1211.01,3345
1400000U,6037121102,1211.02,2254
1400000U,6037121210,1212.1,3168
1400000U,6037121221,1212.21,2047
1400000U,6037121222,1212.22,5111
1400000U,6037121600,1216,2604
1400000U,6037121801,1218.01,4302
1400000U,6037121802,1218.02,3192
1400000U,6037121900,1219,3329
1400000U,6037122000,1220,5326
1400000U,6037122120,1221.2,4387
1400000U,6037122121,1221.21,2726
1400000U,6037122122,1221.22,2562
1400000U,6037122200,1222,3625
1400000U,6037122410,1224.1,4083
1400000U,6037122420,1224.2,5328
1400000U,6037123010,1230.1,3828
1400000U,6037123020,1230.2,2804
1400000U,6037123103,1231.03,3893
1400000U,6037123104,1231.04,4700
1400000U,6037123203,1232.03,2926
1400000U,6037123204,1232.04,3333
1400000U,6037123205,1232.05,2834
1400000U,6037123206,1232.06,2470
1400000U,6037123301,1233.01,3956
1400000U,6037123303,1233.03,2842
1400000U,6037123304,1233.04,4435
1400000U,6037123410,1234.1,3469
1400000U,6037123420,1234.2,4453
1400000U,6037123510,1235.1,4652
1400000U,6037123520,1235.2,2488
1400000U,6037123601,1236.01,5498
1400000U,6037123602,1236.02,3099
1400000U,6037123700,1237,3827
1400000U,6037123800,1238,5552
1400000U,6037123901,1239.01,4369
1400000U,6037123902,1239.02,2758
1400000U,6037124000,1240,4502
1400000U,6037124102,1241.02,3653
1400000U,6037124103,1241.03,1891
1400000U,6037124104,1241.04,2777
1400000U,6037124105,1241.05,2191
1400000U,6037124201,1242.01,3445
1400000U,6037124203,1242.03,2063
1400000U,6037124204,1242.04,2537
1400000U,6037124300,1243,3094
1400000U,6037124400,1244,4470
1400000U,6037124500,1245,2728
1400000U,6037124600,1246,2849
1400000U,6037124700,1247,5251
1400000U,6037124902,1249.02,3129
1400000U,6037124903,1249.03,3964
1400000U,6037125101,1251.01,4465
1400000U,6037125102,1251.02,2053
1400000U,6037125200,1252,4203
1400000U,6037125310,1253.1,4170
1400000U,6037125321,1253.21,2840
1400000U,6037125322,1253.22,2090
1400000U,6037125402,1254.02,3821
1400000U,6037125403,1254.03,2594
1400000U,6037125404,1254.04,3001
1400000U,6037125501,1255.01,2969
1400000U,6037125502,1255.02,3696
1400000U,6037125600,1256,2990
1400000U,6037127102,1271.02,5292
1400000U,6037127103,1271.03,3354
1400000U,6037127104,1271.04,4327
1400000U,6037127210,1272.1,5434
1400000U,6037127220,1272.2,4750
1400000U,6037127300,1273,4301
1400000U,6037127400,1274,5638
1400000U,6037127520,1275.2,4868
1400000U,6037127603,1276.03,2873
1400000U,6037127604,1276.04,3151
1400000U,6037127605,1276.05,3682
1400000U,6037127606,1276.06,3218
1400000U,6037127711,1277.11,3231
1400000U,6037127712,1277.12,4047
1400000U,6037127803,1278.03,5002
1400000U,6037127804,1278.04,4433
1400000U,6037127805,1278.05,3514
1400000U,6037127806,1278.06,3729
1400000U,6037127910,1279.1,5072
1400000U,6037127920,1279.2,4385
1400000U,6037128101,1281.01,2823
1400000U,6037128102,1281.02,4892
1400000U,6037128210,1282.1,5000
1400000U,6037128220,1282.2,2992
1400000U,6037128302,1283.02,4559
1400000U,6037128303,1283.03,3432
1400000U,6037128400,1284,4274
1400000U,6037128500,1285,4401
1400000U,6037128601,1286.01,4842
1400000U,6037128602,1286.02,2687
1400000U,6037128703,1287.03,3576
1400000U,6037128704,1287.04,2328
1400000U,6037128801,1288.01,3864
1400000U,6037128802,1288.02,4317
1400000U,6037128910,1289.1,4528
1400000U,6037131021,1310.21,3237
1400000U,6037131022,1310.22,2877
1400000U,6037131023,1310.23,2655
1400000U,6037131024,1310.24,3894
1400000U,6037131100,1311,3017
1400000U,6037131200,1312,3681
1400000U,6037131300,1313,4316
1400000U,6037131400,1314,5895
1400000U,6037131600,1316,4942
1400000U,6037131701,1317.01,4877
1400000U,6037131702,1317.02,3669
1400000U,6037131801,1318.01,2879
1400000U,6037131802,1318.02,2337
1400000U,6037131900,1319,3959
1400000U,6037132001,1320.01,2714
1400000U,6037132002,1320.02,3585
1400000U,6037132101,1321.01,4113
1400000U,6037132102,1321.02,4993
1400000U,6037132301,1323.01,3616
1400000U,6037132302,1323.02,3176
1400000U,6037132501,1325.01,4658
1400000U,6037132502,1325.02,3398
1400000U,6037132700,1327,4922
1400000U,6037132900,1329,3877
1400000U,6037133000,1330,4096
1400000U,6037133101,1331.01,1709
1400000U,6037133102,1331.02,3926
1400000U,6037134001,1340.01,3457
1400000U,6037134002,1340.02,4024
1400000U,6037134101,1341.01,4660
1400000U,6037134103,1341.03,4172
1400000U,6037134104,1341.04,4076
1400000U,6037134201,1342.01,4062
1400000U,6037134302,1343.02,4411
1400000U,6037134303,1343.03,5455
1400000U,6037134304,1343.04,2863
1400000U,6037134305,1343.05,3693
1400000U,6037134306,1343.06,3699
1400000U,6037134421,1344.21,4401
1400000U,6037134422,1344.22,5079
1400000U,6037134423,1344.23,3417
1400000U,6037134424,1344.24,2835
1400000U,6037134520,1345.2,5178
1400000U,6037134521,1345.21,2736
1400000U,6037134522,1345.22,4521
1400000U,6037134710,1347.1,5304
1400000U,6037134720,1347.2,5545
1400000U,6037134801,1348.01,2951
1400000U,6037134802,1348.02,3123
1400000U,6037134901,1349.01,2469
1400000U,6037134904,1349.04,4866
1400000U,6037134905,1349.05,6046
1400000U,6037134906,1349.06,2933
1400000U,6037134907,1349.07,3854
1400000U,6037135102,1351.02,3848
1400000U,6037135111,1351.11,3807
1400000U,6037135113,1351.13,2980
1400000U,6037135115,1351.15,3921
1400000U,6037135116,1351.16,1507
1400000U,6037135201,1352.01,2999
1400000U,6037135202,1352.02,4745
1400000U,6037135204,1352.04,4665
1400000U,6037135205,1352.05,1874
1400000U,6037137000,1370,4823
1400000U,6037137103,1371.03,5100
1400000U,6037137104,1371.04,2233
1400000U,6037137202,1372.02,3368
1400000U,6037137203,1372.03,2595
1400000U,6037137301,1373.01,2182
1400000U,6037137302,1373.02,4564
1400000U,6037137401,1374.01,4673
1400000U,6037137402,1374.02,5905
1400000U,6037137501,1375.01,5495
1400000U,6037137502,1375.02,4582
1400000U,6037137504,1375.04,1889
1400000U,6037138000,1380,4777
1400000U,6037139001,1390.01,5515
1400000U,6037139200,1392,5758
1400000U,6037139301,1393.01,4137
1400000U,6037139302,1393.02,5001
1400000U,6037139303,1393.03,4807
1400000U,6037139401,1394.01,2431
1400000U,6037139402,1394.02,2834
1400000U,6037139502,1395.02,3315
1400000U,6037139504,1395.04,3764
1400000U,6037139505,1395.05,2512
1400000U,6037139506,1395.06,3109
1400000U,6037139600,1396,5164
1400000U,6037139701,1397.01,5635
1400000U,6037139703,1397.03,2554
1400000U,6037139704,1397.04,2871
1400000U,6037139705,1397.05,4011
1400000U,6037139801,1398.01,3514
1400000U,6037139802,1398.02,3832
1400000U,6037141101,1411.01,4691
1400000U,6037141102,1411.02,2959
1400000U,6037141201,1412.01,3954
1400000U,6037141202,1412.02,3111
1400000U,6037141303,1413.03,3055
1400000U,6037141304,1413.04,2947
1400000U,6037141305,1413.05,2913
1400000U,6037141306,1413.06,3222
1400000U,6037141400,1414,5021
1400000U,6037141500,1415,2887
1400000U,6037141600,1416,4035
1400000U,6037141700,1417,3086
1400000U,6037143101,1431.01,2216
1400000U,6037143102,1431.02,2174
1400000U,6037143200,1432,4215
1400000U,6037143301,1433.01,3273
1400000U,6037143302,1433.02,3301
1400000U,6037143401,1434.01,5300
1400000U,6037143402,1434.02,1959
1400000U,6037143500,1435,5325
1400000U,6037143602,1436.02,4816
1400000U,6037143603,1436.03,2452
1400000U,6037143605,1436.05,1899
1400000U,6037143606,1436.06,1759
1400000U,6037143700,1437,3380
1400000U,6037143801,1438.01,3201
1400000U,6037143802,1438.02,2273
1400000U,6037143901,1439.01,4055
1400000U,6037143902,1439.02,3167
1400000U,6037181000,1810,5588
1400000U,6037181300,1813,4053
1400000U,6037181400,1814,4463
1400000U,6037181500,1815,4014
1400000U,6037181600,1816,4208
1400000U,6037183101,1831.01,2962
1400000U,6037183103,1831.03,4424
1400000U,6037183104,1831.04,1940
1400000U,6037183220,1832.2,2954
1400000U,6037183221,1832.21,3192
1400000U,6037183222,1832.22,3459
1400000U,6037183300,1833,3140
1400000U,6037183401,1834.01,2592
1400000U,6037183402,1834.02,3175
1400000U,6037183510,1835.1,2432
1400000U,6037183520,1835.2,3492
1400000U,6037183610,1836.1,2826
1400000U,6037183620,1836.2,3067
1400000U,6037183701,1837.01,3445
1400000U,6037183702,1837.02,3007
1400000U,6037183810,1838.1,4139
1400000U,6037183820,1838.2,3573
1400000U,6037185101,1851.01,2408
1400000U,6037185102,1851.02,3503
1400000U,6037185202,1852.02,4099
1400000U,6037185203,1852.03,2497
1400000U,6037185204,1852.04,1888
1400000U,6037185310,1853.1,2871
1400000U,6037185320,1853.2,2871
1400000U,6037186100,1861,4633
1400000U,6037186201,1862.01,3374
1400000U,6037186202,1862.02,1808
1400000U,6037186203,1862.03,2753
1400000U,6037186301,1863.01,2729
1400000U,6037186302,1863.02,4719
1400000U,6037186401,1864.01,2948
1400000U,6037186403,1864.03,2533
1400000U,6037186404,1864.04,2528
1400000U,6037187101,1871.01,3114
1400000U,6037187102,1871.02,4494
1400000U,6037187200,1872,2908
1400000U,6037187300,1873,3820
1400000U,6037188100,1881,3756
1400000U,6037188201,1882.01,2839
1400000U,6037188202,1882.02,3043
1400000U,6037188300,1883,3228
1400000U,6037189101,1891.01,2461
1400000U,6037189102,1891.02,3797
1400000U,6037189201,1892.01,2779
1400000U,6037189202,1892.02,3167
1400000U,6037189300,1893,2754
1400000U,6037189400,1894,3011
1400000U,6037189501,1895.01,2214
1400000U,6037189502,1895.02,1842
1400000U,6037189600,1896,3658
1400000U,6037189702,1897.02,2393
1400000U,6037189703,1897.03,1993
1400000U,6037189704,1897.04,2099
1400000U,6037189801,1898.01,2192
1400000U,6037189802,1898.02,1979
1400000U,6037189903,1899.03,2191
1400000U,6037189904,1899.04,2432
1400000U,6037189905,1899.05,2421
1400000U,6037189906,1899.06,2491
1400000U,6037189907,1899.07,2543
1400000U,6037190101,1901.01,1599
1400000U,6037190102,1901.02,2249
1400000U,6037190201,1902.01,3673
1400000U,6037190202,1902.02,2720
1400000U,6037190302,1903.02,2711
1400000U,6037190303,1903.03,2544
1400000U,6037190401,1904.01,2784
1400000U,6037190402,1904.02,2419
1400000U,6037190510,1905.1,3884
1400000U,6037190520,1905.2,3462
1400000U,6037190701,1907.01,1643
1400000U,6037190702,1907.02,1412
1400000U,6037190801,1908.01,3073
1400000U,6037190802,1908.02,2973
1400000U,6037190901,1909.01,3420
1400000U,6037190902,1909.02,3925
1400000U,6037191000,1910,5335
1400000U,6037191110,1911.1,3808
1400000U,6037191120,1911.2,3776
1400000U,6037191201,1912.01,5722
1400000U,6037191203,1912.03,2010
1400000U,6037191204,1912.04,1532
1400000U,6037191301,1913.01,2077
1400000U,6037191302,1913.02,1825
1400000U,6037191410,1914.1,3363
1400000U,6037191420,1914.2,3065
1400000U,6037191500,1915,5491
1400000U,6037191610,1916.1,3653
1400000U,6037191620,1916.2,2773
1400000U,6037191710,1917.1,2569
1400000U,6037191720,1917.2,3408
1400000U,6037191810,1918.1,2780
1400000U,6037191820,1918.2,3777
1400000U,6037191901,1919.01,4309
1400000U,6037191902,1919.02,2813
1400000U,6037192001,1920.01,2167
1400000U,6037192002,1920.02,2611
1400000U,6037192300,1923,2642
1400000U,6037192410,1924.1,4285
1400000U,6037192420,1924.2,3360
1400000U,6037192510,1925.1,3991
1400000U,6037192520,1925.2,4884
1400000U,6037192610,1926.1,4106
1400000U,6037192620,1926.2,3362
1400000U,6037192700,1927,3070
1400000U,6037194101,1941.01,3273
1400000U,6037194102,1941.02,2504
1400000U,6037194200,1942,3378
1400000U,6037194300,1943,2887
1400000U,6037194401,1944.01,2613
1400000U,6037194402,1944.02,3071
1400000U,6037194500,1945,2116
1400000U,6037195100,1951,4976
1400000U,6037195201,1952.01,2813
1400000U,6037195202,1952.02,3349
1400000U,6037195300,1953,2976
1400000U,6037195400,1954,4348
1400000U,6037195500,1955,5138
1400000U,6037195600,1956,2821
1400000U,6037195710,1957.1,4274
1400000U,6037195720,1957.2,1694
1400000U,6037195802,1958.02,2865
1400000U,6037195803,1958.03,2328
1400000U,6037195804,1958.04,2555
1400000U,6037195901,1959.01,2566
1400000U,6037195902,1959.02,1847
1400000U,6037195903,1959.03,1970
1400000U,6037197200,1972,3639
1400000U,6037197300,1973,3734
1400000U,6037197410,1974.1,3805
1400000U,6037197420,1974.2,3621
1400000U,6037197500,1975,3992
1400000U,6037197600,1976,2080
1400000U,6037197700,1977,4780
1400000U,6037199001,1990.01,2307
1400000U,6037199002,1990.02,2866
1400000U,6037199110,1991.1,2369
1400000U,6037199120,1991.2,3704
1400000U,6037199201,1992.01,3592
1400000U,6037199202,1992.02,2450
1400000U,6037199300,1993,3839
1400000U,6037199400,1994,4373
1400000U,6037199700,1997,2936
1400000U,6037199801,1998.01,3842
1400000U,6037199802,1998.02,1975
1400000U,6037199900,1999,2295
1400000U,6037201110,2011.1,2279
1400000U,6037201120,2011.2,3843
1400000U,6037201200,2012,2677
1400000U,6037201301,2013.01,3403
1400000U,6037201302,2013.02,4083
1400000U,6037201401,2014.01,4177
1400000U,6037201402,2014.02,4113
1400000U,6037201501,2015.01,5468
1400000U,6037201503,2015.03,3133
1400000U,6037201504,2015.04,2063
1400000U,6037201601,2016.01,2310
1400000U,6037201602,2016.02,2766
1400000U,6037201700,2017,5128
1400000U,6037203100,2031,4302
1400000U,6037203200,2032,4995
1400000U,6037203300,2033,2105
1400000U,6037203500,2035,2831
1400000U,6037203601,2036.01,2664
1400000U,6037203602,2036.02,1964
1400000U,6037203710,2037.1,3457
1400000U,6037203720,2037.2,3556
1400000U,6037203800,2038,4817
1400000U,6037203900,2039,2839
1400000U,6037204110,2041.1,2863
1400000U,6037204120,2041.2,2480
1400000U,6037204200,2042,3317
1400000U,6037204300,2043,4873
1400000U,6037204410,2044.1,2467
1400000U,6037204420,2044.2,3101
1400000U,6037204600,2046,3954
1400000U,6037204700,2047,4524
1400000U,6037204810,2048.1,4932
1400000U,6037204820,2048.2,2066
1400000U,6037204910,2049.1,3356
1400000U,6037204920,2049.2,2459
1400000U,6037205110,2051.1,3690
1400000U,6037205120,2051.2,3409
1400000U,6037206010,2060.1,3490
1400000U,6037206020,2060.2,8179
1400000U,6037206050,2060.5,2290
1400000U,6037206051,2060.51,1535
1400000U,6037206052,2060.52,3153
1400000U,6037206053,2060.53,3057
1400000U,6037206054,2060.54,2456
1400000U,6037206201,2062.01,2127
1400000U,6037206202,2062.02,1711
1400000U,6037206301,2063.01,1991
1400000U,6037206302,2063.02,1904
1400000U,6037206303,2063.03,2430
1400000U,6037207101,2071.01,3852
1400000U,6037207102,2071.02,3340
1400000U,6037207103,2071.03,2112
1400000U,6037207303,2073.03,2359
1400000U,6037207304,2073.04,2358
1400000U,6037207305,2073.05,959
1400000U,6037207306,2073.06,2225
1400000U,6037207307,2073.07,1439
1400000U,6037207308,2073.08,1229
1400000U,6037207400,2074,2273
1400000U,6037207501,2075.01,2106
1400000U,6037207502,2075.02,3906
1400000U,6037207711,2077.11,2627
1400000U,6037207712,2077.12,4927
1400000U,6037207901,2079.01,3801
1400000U,6037207902,2079.02,7354
1400000U,6037208001,2080.01,2581
1400000U,6037208002,2080.02,4041
1400000U,6037208301,2083.01,1693
1400000U,6037208302,2083.02,4715
1400000U,6037208401,2084.01,3852
1400000U,6037208402,2084.02,2516
1400000U,6037208501,2085.01,2458
1400000U,6037208502,2085.02,3801
1400000U,6037208610,2086.1,4277
1400000U,6037208620,2086.2,4000
1400000U,6037208710,2087.1,4895
1400000U,6037208720,2087.2,3406
1400000U,6037208801,2088.01,3368
1400000U,6037208802,2088.02,2772
1400000U,6037208902,2089.02,2399
1400000U,6037208903,2089.03,3819
1400000U,6037208904,2089.04,3590
1400000U,6037209103,2091.03,3226
1400000U,6037209104,2091.04,2567
1400000U,6037209105,2091.05,3153
1400000U,6037209106,2091.06,2101
1400000U,6037209201,2092.01,3298
1400000U,6037209202,2092.02,1410
1400000U,6037209300,2093,4934
1400000U,6037209401,2094.01,3689
1400000U,6037209402,2094.02,4102
1400000U,6037209403,2094.03,4721
1400000U,6037209510,2095.1,2656
1400000U,6037209520,2095.2,2373
1400000U,6037209810,2098.1,2678
1400000U,6037209820,2098.2,2498
1400000U,6037210010,2100.1,3192
1400000U,6037211000,2110,5313
1400000U,6037211121,2111.21,2318
1400000U,6037211122,2111.22,2645
1400000U,6037211123,2111.23,1816
1400000U,6037211124,2111.24,4287
1400000U,6037211201,2112.01,2694
1400000U,6037211202,2112.02,2254
1400000U,6037211310,2113.1,3484
1400000U,6037211320,2113.2,3253
1400000U,6037211410,2114.1,2913
1400000U,6037211420,2114.2,3495
1400000U,6037211500,2115,3857
1400000U,6037211701,2117.01,2781
1400000U,6037211703,2117.03,4564
1400000U,6037211704,2117.04,2668
1400000U,6037211802,2118.02,4448
1400000U,6037211803,2118.03,3635
1400000U,6037211804,2118.04,3194
1400000U,6037211910,2119.1,3951
1400000U,6037211921,2119.21,2001
1400000U,6037211922,2119.22,3353
1400000U,6037212101,2121.01,2741
1400000U,6037212102,2121.02,2955
1400000U,6037212202,2122.02,3676
1400000U,6037212203,2122.03,2946
1400000U,6037212204,2122.04,3720
1400000U,6037212303,2123.03,3838
1400000U,6037212304,2123.04,1781
1400000U,6037212305,2123.05,2711
1400000U,6037212306,2123.06,2816
1400000U,6037212410,2124.1,4226
1400000U,6037212420,2124.2,2661
1400000U,6037212501,2125.01,1890
1400000U,6037212502,2125.02,3282
1400000U,6037212610,2126.1,4211
1400000U,6037212620,2126.2,3818
1400000U,6037212701,2127.01,2317
1400000U,6037212702,2127.02,3389
1400000U,6037212800,2128,3386
1400000U,6037212900,2129,3684
1400000U,6037213100,2131,2790
1400000U,6037213201,2132.01,4079
1400000U,6037213202,2132.02,3675
1400000U,6037213310,2133.1,2519
1400000U,6037213320,2133.2,2471
1400000U,6037213401,2134.01,4573
1400000U,6037213402,2134.02,4477
1400000U,6037214000,2140,3950
1400000U,6037214100,2141,3787
1400000U,6037214400,2144,3008
1400000U,6037214501,2145.01,3477
1400000U,6037214503,2145.03,3513
1400000U,6037214504,2145.04,3609
1400000U,6037214505,2145.05,1581
1400000U,6037214600,2146,2266
1400000U,6037214700,2147,2517
1400000U,6037214800,2148,2880
1400000U,6037214902,2149.02,2569
1400000U,6037214903,2149.03,1568
1400000U,6037214904,2149.04,1459
1400000U,6037215101,2151.01,3024
1400000U,6037215102,2151.02,3322
1400000U,6037216100,2161,2393
1400000U,6037216201,2162.01,2591
1400000U,6037216202,2162.02,2525
1400000U,6037216301,2163.01,1414
1400000U,6037216302,2163.02,3158
1400000U,6037216401,2164.01,3660
1400000U,6037216402,2164.02,2663
1400000U,6037216700,2167,3441
1400000U,6037216800,2168,3333
1400000U,6037216901,2169.01,2799
1400000U,6037216902,2169.02,2201
1400000U,6037217001,2170.01,2777
1400000U,6037217002,2170.02,4952
1400000U,6037217101,2171.01,2674
1400000U,6037217102,2171.02,2773
1400000U,6037217200,2172,3976
1400000U,6037218110,2181.1,3167
1400000U,6037218120,2181.2,3571
1400000U,6037218210,2182.1,4124
1400000U,6037218220,2182.2,4042
1400000U,6037218300,2183,4811
1400000U,6037218400,2184,3996
1400000U,6037218500,2185,2739
1400000U,6037218600,2186,3129
1400000U,6037218701,2187.01,1880
1400000U,6037218702,2187.02,2705
1400000U,6037218800,2188,2732
1400000U,6037218900,2189,5444
1400000U,6037219010,2190.1,3214
1400000U,6037219020,2190.2,4326
1400000U,6037219300,2193,3772
1400000U,6037219500,2195,1965
1400000U,6037219700,2197,4198
1400000U,6037219800,2198,3033
1400000U,6037219901,2199.01,5206
1400000U,6037219902,2199.02,3509
1400000U,6037220000,2200,4505
1400000U,6037220100,2201,2463
1400000U,6037221110,2211.1,3037
1400000U,6037221120,2211.2,2946
1400000U,6037221210,2212.1,2945
1400000U,6037221220,2212.2,2752
1400000U,6037221302,2213.02,3259
1400000U,6037221303,2213.03,2531
1400000U,6037221304,2213.04,3707
1400000U,6037221401,2214.01,2965
1400000U,6037221402,2214.02,2965
1400000U,6037221500,2215,3527
1400000U,6037221601,2216.01,3264
1400000U,6037221602,2216.02,2223
1400000U,6037221710,2217.1,2658
1400000U,6037221810,2218.1,2433
1400000U,6037221820,2218.2,2529
1400000U,6037221900,2219,4572
1400000U,6037222001,2220.01,2837
1400000U,6037222002,2220.02,4719
1400000U,6037222100,2221,4086
1400000U,6037222200,2222,3642
1400000U,6037222500,2225,4194
1400000U,6037222600,2226,5268
1400000U,6037222700,2227,4316
1400000U,6037224010,2240.1,2974
1400000U,6037224020,2240.2,2816
1400000U,6037224200,2242,2174
1400000U,6037224310,2243.1,1779
1400000U,6037224320,2243.2,3593
1400000U,6037224410,2244.1,2783
1400000U,6037224420,2244.2,2168
1400000U,6037224600,2246,3078
1400000U,6037224701,2247.01,2463
1400000U,6037224702,2247.02,2508
1400000U,6037226001,2260.01,2027
1400000U,6037226002,2260.02,1873
1400000U,6037226410,2264.1,3561
1400000U,6037226420,2264.2,5225
1400000U,6037226701,2267.01,2518
1400000U,6037226702,2267.02,3993
1400000U,6037227010,2270.1,4279
1400000U,6037227020,2270.2,3506
1400000U,6037228100,2281,4392
1400000U,6037228210,2282.1,3801
1400000U,6037228220,2282.2,4470
1400000U,6037228310,2283.1,4493
1400000U,6037228320,2283.2,3420
1400000U,6037228410,2284.1,3096
1400000U,6037228420,2284.2,2893
1400000U,6037228500,2285,4836
1400000U,6037228600,2286,4734
1400000U,6037228710,2287.1,4104
1400000U,6037228720,2287.2,4909
1400000U,6037228800,2288,5375
1400000U,6037228900,2289,3187
1400000U,6037229100,2291,4572
1400000U,6037229200,2292,4550
1400000U,6037229300,2293,5742
1400000U,6037229410,2294.1,3897
1400000U,6037229420,2294.2,4611
1400000U,6037231100,2311,3407
1400000U,6037231210,2312.1,4261
1400000U,6037231220,2312.2,4143
1400000U,6037231301,2313.01,2570
1400000U,6037231302,2313.02,2890
1400000U,6037231400,2314,4480
1400000U,6037231500,2315,5048
1400000U,6037231601,2316.01,2230
1400000U,6037231602,2316.02,1870
1400000U,6037231603,2316.03,2895
1400000U,6037231710,2317.1,4026
1400000U,6037231720,2317.2,5174
1400000U,6037231800,2318,5469
1400000U,6037231901,2319.01,3440
1400000U,6037231902,2319.02,3207
1400000U,6037232110,2321.1,3491
1400000U,6037232120,2321.2,4935
1400000U,6037232200,2322,3765
1400000U,6037232300,2323,4766
1400000U,6037232401,2324.01,3582
1400000U,6037232402,2324.02,3098
1400000U,6037232500,2325,5422
1400000U,6037232601,2326.01,1688
1400000U,6037232602,2326.02,5524
1400000U,6037232701,2327.01,2348
1400000U,6037232702,2327.02,4414
1400000U,6037232800,2328,4184
1400000U,6037234001,2340.01,2517
1400000U,6037234002,2340.02,2896
1400000U,6037234200,2342,2605
1400000U,6037234301,2343.01,1779
1400000U,6037234302,2343.02,2459
1400000U,6037234501,2345.01,2770
1400000U,6037234502,2345.02,2601
1400000U,6037234600,2346,4694
1400000U,6037234700,2347,3838
1400000U,6037234800,2348,3534
1400000U,6037234901,2349.01,2916
1400000U,6037234902,2349.02,4535
1400000U,6037235100,2351,4032
1400000U,6037235201,2352.01,2880
1400000U,6037235202,2352.02,3887
1400000U,6037236001,2360.01,4063
1400000U,6037236101,2361.01,2606
1400000U,6037236102,2361.02,3510
1400000U,6037236203,2362.03,3615
1400000U,6037236204,2362.04,3387
1400000U,6037236205,2362.05,3070
1400000U,6037236206,2362.06,3175
1400000U,6037236400,2364,4390
1400000U,6037237101,2371.01,4136
1400000U,6037237102,2371.02,3970
1400000U,6037237201,2372.01,3766
1400000U,6037237202,2372.02,4404
1400000U,6037237300,2373,5762
1400000U,6037237401,2374.01,3906
1400000U,6037237402,2374.02,3618
1400000U,6037237500,2375,2727
1400000U,6037237600,2376,4092
1400000U,6037237710,2377.1,4372
1400000U,6037237720,2377.2,3447
1400000U,6037237800,2378,4160
1400000U,6037237900,2379,4040
1400000U,6037238000,2380,5438
1400000U,6037238100,2381,5205
1400000U,6037238200,2382,6827
1400000U,6037238310,2383.1,5102
1400000U,6037238320,2383.2,3513
1400000U,6037238400,2384,4495
1400000U,6037239201,2392.01,3400
1400000U,6037239202,2392.02,5385
1400000U,6037239310,2393.1,4021
1400000U,6037239320,2393.2,3105
1400000U,6037239330,2393.3,3119
1400000U,6037239501,2395.01,3583
1400000U,6037239502,2395.02,3691
1400000U,6037239601,2396.01,3753
1400000U,6037239602,2396.02,3753
1400000U,6037239701,2397.01,4021
1400000U,6037239702,2397.02,4687
1400000U,6037239801,2398.01,4174
1400000U,6037239802,2398.02,5426
1400000U,6037240010,2400.1,3962
1400000U,6037240020,2400.2,5366
1400000U,6037240200,2402,5737
1400000U,6037240301,2403.01,2870
1400000U,6037240302,2403.02,3013
1400000U,6037240401,2404.01,5911
1400000U,6037240402,2404.02,3904
1400000U,6037240500,2405,6415
1400000U,6037240600,2406,4807
1400000U,6037240700,2407,6429
1400000U,6037240800,2408,4749
1400000U,6037240901,2409.01,2503
1400000U,6037240902,2409.02,3614
1400000U,6037241001,2410.01,4457
1400000U,6037241002,2410.02,3830
1400000U,6037241110,2411.1,3585
1400000U,6037241120,2411.2,4245
1400000U,6037241201,2412.01,3147
1400000U,6037241202,2412.02,4825
1400000U,6037241300,2413,2378
1400000U,6037241400,2414,3901
1400000U,6037242000,2420,4161
1400000U,6037242100,2421,2402
1400000U,6037242201,2422.01,4004
1400000U,6037242202,2422.02,2729
1400000U,6037242300,2423,4851
1400000U,6037242600,2426,4714
1400000U,6037242700,2427,4723
1400000U,6037243001,2430.01,3246
1400000U,6037243002,2430.02,2721
1400000U,6037243100,2431,5186
1400000U,6037261102,2611.02,3990
1400000U,6037261103,2611.03,1722
1400000U,6037261104,2611.04,1672
1400000U,6037261200,2612,3880
1400000U,6037262100,2621,2721
1400000U,6037262200,2622,4630
1400000U,6037262301,2623.01,2976
1400000U,6037262302,2623.02,2940
1400000U,6037262303,2623.03,2824
1400000U,6037262400,2624,2893
1400000U,6037262501,2625.01,3732
1400000U,6037262601,2626.01,3418
1400000U,6037262604,2626.04,5884
1400000U,6037262704,2627.04,3595
1400000U,6037262706,2627.06,3383
1400000U,6037262802,2628.02,3636
1400000U,6037264000,2640,3083
1400000U,6037264102,2641.02,2965
1400000U,6037264103,2641.03,2748
1400000U,6037264303,2643.03,2702
1400000U,6037264304,2643.04,2264
1400000U,6037264305,2643.05,4526
1400000U,6037264306,2643.06,1694
1400000U,6037265100,2651,2301
1400000U,6037265201,2652.01,2491
1400000U,6037265203,2652.03,1993
1400000U,6037265204,2652.04,1466
1400000U,6037265301,2653.01,12987
1400000U,6037265303,2653.03,4468
1400000U,6037265304,2653.04,3088
1400000U,6037265306,2653.06,1806
1400000U,6037265307,2653.07,2407
1400000U,6037265410,2654.1,1726
1400000U,6037265420,2654.2,1636
1400000U,6037265521,2655.21,1585
1400000U,6037265522,2655.22,2332
1400000U,6037265523,2655.23,2286
1400000U,6037265524,2655.24,2768
1400000U,6037265601,2656.01,3045
1400000U,6037265602,2656.02,3057
1400000U,6037265701,2657.01,1845
1400000U,6037265702,2657.02,3107
1400000U,6037267101,2671.01,2891
1400000U,6037267102,2671.02,2957
1400000U,6037267201,2672.01,2832
1400000U,6037267202,2672.02,3779
1400000U,6037267300,2673,4155
1400000U,6037267403,2674.03,3559
1400000U,6037267404,2674.04,3547
1400000U,6037267405,2674.05,2423
1400000U,6037267406,2674.06,1932
1400000U,6037267502,2675.02,3281
1400000U,6037267503,2675.03,2216
1400000U,6037267504,2675.04,3568
1400000U,6037267600,2676,2469
1400000U,6037267700,2677,3753
1400000U,6037267800,2678,3483
1400000U,6037267901,2679.01,3106
1400000U,6037267902,2679.02,3609
1400000U,6037269000,2690,4867
1400000U,6037269100,2691,4264
1400000U,6037269300,2693,3771
1400000U,6037269500,2695,4202
1400000U,6037269601,2696.01,3465
1400000U,6037269602,2696.02,2217
1400000U,6037269700,2697,3858
1400000U,6037269800,2698,3140
1400000U,6037269903,2699.03,3487
1400000U,6037269905,2699.05,2234
1400000U,6037269906,2699.06,2998
1400000U,6037269907,2699.07,2553
1400000U,6037269908,2699.08,1916
1400000U,6037269909,2699.09,2088
1400000U,6037270101,2701.01,1796
1400000U,6037270102,2701.02,2154
1400000U,6037270200,2702,3606
1400000U,6037270300,2703,2560
1400000U,6037271100,2711,2317
1400000U,6037271200,2712,2495
1400000U,6037271300,2713,5216
1400000U,6037271400,2714,3203
1400000U,6037271500,2715,2928
1400000U,6037271600,2716,5370
1400000U,6037271702,2717.02,4293
1400000U,6037271703,2717.03,2754
1400000U,6037271704,2717.04,2982
1400000U,6037271801,2718.01,3368
1400000U,6037271803,2718.03,3188
1400000U,6037271804,2718.04,2293
1400000U,6037271901,2719.01,3358
1400000U,6037271902,2719.02,3987
1400000U,6037272100,2721,4441
1400000U,6037272201,2722.01,2022
1400000U,6037272202,2722.02,3034
1400000U,6037272301,2723.01,3265
1400000U,6037272302,2723.02,3779
1400000U,6037273100,2731,3026
1400000U,6037273200,2732,2778
1400000U,6037273300,2733,2857
1400000U,6037273403,2734.03,1360
1400000U,6037273404,2734.04,1508
1400000U,6037273502,2735.02,2571
1400000U,6037273600,2736,2138
1400000U,6037273700,2737,2751
1400000U,6037273800,2738,2945
1400000U,6037273902,2739.02,4238
1400000U,6037274100,2741,4365
1400000U,6037274202,2742.02,3858
1400000U,6037275101,2751.01,935
1400000U,6037275102,2751.02,4043
1400000U,6037275200,2752,3793
1400000U,6037275311,2753.11,4805
1400000U,6037275312,2753.12,2042
1400000U,6037275313,2753.13,3583
1400000U,6037275400,2754,4487
1400000U,6037275500,2755,5102
1400000U,6037275603,2756.03,2778
1400000U,6037275604,2756.04,10392
1400000U,6037275605,2756.05,2878
1400000U,6037276000,2760,6682
1400000U,6037276101,2761.01,3424
1400000U,6037276102,2761.02,3365
1400000U,6037276400,2764,4448
1400000U,6037276500,2765,5508
1400000U,6037276601,2766.01,4101
1400000U,6037276605,2766.05,2461
1400000U,6037276606,2766.06,3384
1400000U,6037276607,2766.07,2879
1400000U,6037276608,2766.08,1874
1400000U,6037277000,2770,6014
1400000U,6037277100,2771,3285
1400000U,6037277200,2772,1796
1400000U,6037277400,2774,0
1400000U,6037278001,2780.01,2349
1400000U,6037278102,2781.02,2973
1400000U,6037291110,2911.1,4192
1400000U,6037291120,2911.2,2041
1400000U,6037291130,2911.3,3233
1400000U,6037291210,2912.1,4766
1400000U,6037291220,2912.2,2942
1400000U,6037291300,2913,3025
1400000U,6037292001,2920.01,4511
1400000U,6037292002,2920.02,1968
1400000U,6037293203,2932.03,2785
1400000U,6037293204,2932.04,3694
1400000U,6037293205,2932.05,3372
1400000U,6037293206,2932.06,2696
1400000U,6037293301,2933.01,2556
1400000U,6037293302,2933.02,4496
1400000U,6037293304,2933.04,4796
1400000U,6037293306,2933.06,2424
1400000U,6037293307,2933.07,2532
1400000U,6037294110,2941.1,3866
1400000U,6037294120,2941.2,2618
1400000U,6037294200,2942,4306
1400000U,6037294301,2943.01,2798
1400000U,6037294302,2943.02,4490
1400000U,6037294410,2944.1,5142
1400000U,6037294421,2944.21,2694
1400000U,6037294510,2945.1,4361
1400000U,6037294520,2945.2,3563
1400000U,6037294610,2946.1,4359
1400000U,6037294620,2946.2,3860
1400000U,6037294701,2947.01,2692
1400000U,6037294810,2948.1,3830
1400000U,6037294820,2948.2,3275
1400000U,6037294830,2948.3,3927
1400000U,6037294900,2949,4045
1400000U,6037295103,2951.03,5081
1400000U,6037296210,2962.1,3365
1400000U,6037296220,2962.2,4124
1400000U,6037296300,2963,5103
1400000U,6037296401,2964.01,3251
1400000U,6037296402,2964.02,3175
1400000U,6037296500,2965,3746
1400000U,6037296600,2966,5368
1400000U,6037296901,2969.01,4202
1400000U,6037296902,2969.02,4792
1400000U,6037297001,2970.01,1694
1400000U,6037297002,2970.02,4508
1400000U,6037297110,2971.1,4584
1400000U,6037297120,2971.2,3517
1400000U,6037297201,2972.01,3964
1400000U,6037297202,2972.02,4112
1400000U,6037297300,2973,2074
1400000U,6037297400,2974,3607
1400000U,6037297501,2975.01,2586
1400000U,6037297502,2975.02,2602
1400000U,6037297601,2976.01,3556
1400000U,6037297602,2976.02,3575
1400000U,6037300100,3001,6511
1400000U,6037300200,3002,5550
1400000U,6037300301,3003.01,5834
1400000U,6037300400,3004,5810
1400000U,6037300501,3005.01,2911
1400000U,6037300503,3005.03,4968
1400000U,6037300601,3006.01,5899
1400000U,6037300602,3006.02,3251
1400000U,6037300701,3007.01,5129
1400000U,6037300702,3007.02,5450
1400000U,6037300800,3008,7139
1400000U,6037300901,3009.01,5475
1400000U,6037300902,3009.02,2077
1400000U,6037301000,3010,5512
1400000U,6037301100,3011,7113
1400000U,6037301203,3012.03,3768
1400000U,6037301204,3012.04,4705
1400000U,6037301205,3012.05,2078
1400000U,6037301206,3012.06,5510
1400000U,6037301300,3013,2047
1400000U,6037301400,3014,3970
1400000U,6037301501,3015.01,1774
1400000U,6037301502,3015.02,7329
1400000U,6037301601,3016.01,5388
1400000U,6037301602,3016.02,3657
1400000U,6037301701,3017.01,2661
1400000U,6037301702,3017.02,6020
1400000U,6037301801,3018.01,5625
1400000U,6037301802,3018.02,5403
1400000U,6037301901,3019.01,3884
1400000U,6037301902,3019.02,3261
1400000U,6037302002,3020.02,4016
1400000U,6037302003,3020.03,3740
1400000U,6037302004,3020.04,4184
1400000U,6037302102,3021.02,5866
1400000U,6037302103,3021.03,4995
1400000U,6037302104,3021.04,3521
1400000U,6037302201,3022.01,3718
1400000U,6037302202,3022.02,4924
1400000U,6037302301,3023.01,3765
1400000U,6037302302,3023.02,5245
1400000U,6037302401,3024.01,7673
1400000U,6037302503,3025.03,3978
1400000U,6037302504,3025.04,3519
1400000U,6037302505,3025.05,3972
1400000U,6037302506,3025.06,3385
1400000U,6037310100,3101,5535
1400000U,6037310201,3102.01,5082
1400000U,6037310202,3102.02,4718
1400000U,6037310300,3103,3032
1400000U,6037310400,3104,3636
1400000U,6037310501,3105.01,3699
1400000U,6037310601,3106.01,6498
1400000U,6037310602,3106.02,2735
1400000U,6037310701,3107.01,2429
1400000U,6037310703,3107.03,5270
1400000U,6037310704,3107.04,4470
1400000U,6037310705,3107.05,2530
1400000U,6037310800,3108,5123
1400000U,6037310900,3109,6810
1400000U,6037311000,3110,3764
1400000U,6037311100,3111,3998
1400000U,6037311200,3112,3171
1400000U,6037311300,3113,3915
1400000U,6037311400,3114,2320
1400000U,6037311500,3115,5963
1400000U,6037311601,3116.01,2947
1400000U,6037311602,3116.02,4546
1400000U,6037311700,3117,5852
1400000U,6037311801,3118.01,2922
1400000U,6037311802,3118.02,4200
1400000U,6037320101,3201.01,3402
1400000U,6037320102,3201.02,3681
1400000U,6037320201,3202.01,4058
1400000U,6037320202,3202.02,6000
1400000U,6037320300,3203,6575
1400000U,6037400205,4002.05,2478
1400000U,6037400206,4002.06,5525
1400000U,6037400207,4002.07,4627
1400000U,6037400208,4002.08,1388
1400000U,6037400209,4002.09,4581
1400000U,6037400304,4003.04,8310
1400000U,6037400402,4004.02,4185
1400000U,6037400403,4004.03,4123
1400000U,6037400404,4004.04,4039
1400000U,6037400501,4005.01,1897
1400000U,6037400602,4006.02,4382
1400000U,6037400603,4006.03,4947
1400000U,6037400605,4006.05,7178
1400000U,6037400801,4008.01,6935
1400000U,6037401001,4010.01,2626
1400000U,6037401002,4010.02,4324
1400000U,6037401101,4011.01,5695
1400000U,6037401102,4011.02,4073
1400000U,6037401201,4012.01,3612
1400000U,6037401202,4012.02,4344
1400000U,6037401203,4012.03,4757
1400000U,6037401303,4013.03,2242
1400000U,6037401304,4013.04,4939
1400000U,6037401311,4013.11,6923
1400000U,6037401312,4013.12,4712
1400000U,6037401500,4015,6022
1400000U,6037401601,4016.01,5428
1400000U,6037401602,4016.02,5570
1400000U,6037401705,4017.05,2784
1400000U,6037401706,4017.06,4533
1400000U,6037401707,4017.07,8607
1400000U,6037401801,4018.01,4570
1400000U,6037401802,4018.02,3724
1400000U,6037401901,4019.01,4095
1400000U,6037401902,4019.02,6101
1400000U,6037402001,4020.01,4125
1400000U,6037402002,4020.02,3935
1400000U,6037402101,4021.01,4856
1400000U,6037402102,4021.02,5136
1400000U,6037402200,4022,7069
1400000U,6037402301,4023.01,5468
1400000U,6037402303,4023.03,3779
1400000U,6037402304,4023.04,3942
1400000U,6037402403,4024.03,5226
1400000U,6037402404,4024.04,1642
1400000U,6037402405,4024.05,2428
1400000U,6037402406,4024.06,4601
1400000U,6037402501,4025.01,4856
1400000U,6037402503,4025.03,4330
1400000U,6037402504,4025.04,2295
1400000U,6037402601,4026.01,2854
1400000U,6037402602,4026.02,4841
1400000U,6037402702,4027.02,4937
1400000U,6037402703,4027.03,5401
1400000U,6037402705,4027.05,3596
1400000U,6037402706,4027.06,3658
1400000U,6037402801,4028.01,4335
1400000U,6037402803,4028.03,3477
1400000U,6037402804,4028.04,4145
1400000U,6037402902,4029.02,6896
1400000U,6037402903,4029.03,3650
1400000U,6037402904,4029.04,3615
1400000U,6037403000,4030,6991
1400000U,6037403305,4033.05,2318
1400000U,6037403316,4033.16,7007
1400000U,6037403317,4033.17,5152
1400000U,6037403318,4033.18,5909
1400000U,6037403319,4033.19,4206
1400000U,6037403320,4033.2,5384
1400000U,6037403321,4033.21,5392
1400000U,6037403323,4033.23,5592
1400000U,6037403324,4033.24,5947
1400000U,6037403325,4033.25,4853
1400000U,6037403326,4033.26,2328
1400000U,6037403327,4033.27,2431
1400000U,6037403328,4033.28,5333
1400000U,6037403401,4034.01,4911
1400000U,6037403402,4034.02,3243
1400000U,6037403403,4034.03,5177
1400000U,6037403404,4034.04,2200
1400000U,6037403407,4034.07,2265
1400000U,6037403408,4034.08,6164
1400000U,6037403409,4034.09,3897
1400000U,6037403500,4035,1438
1400000U,6037403601,4036.01,6590
1400000U,6037403702,4037.02,4186
1400000U,6037403703,4037.03,4786
1400000U,6037403721,4037.21,5569
1400000U,6037403722,4037.22,5437
1400000U,6037403801,4038.01,5605
1400000U,6037403802,4038.02,6221
1400000U,6037403901,4039.01,2976
1400000U,6037403902,4039.02,5250
1400000U,6037404000,4040,4547
1400000U,6037404100,4041,6307
1400000U,6037404201,4042.01,3551
1400000U,6037404203,4042.03,4165
1400000U,6037404301,4043.01,6257
1400000U,6037404302,4043.02,2412
1400000U,6037404401,4044.01,3902
1400000U,6037404402,4044.02,4624
1400000U,6037404501,4045.01,2721
1400000U,6037404503,4045.03,2988
1400000U,6037404504,4045.04,4844
1400000U,6037404600,4046,1352
1400000U,6037404701,4047.01,5737
1400000U,6037404702,4047.02,4792
1400000U,6037404703,4047.03,3209
1400000U,6037404804,4048.04,4223
1400000U,6037404805,4048.05,2922
1400000U,6037404806,4048.06,5842
1400000U,6037404901,4049.01,5363
1400000U,6037404902,4049.02,3343
1400000U,6037404903,4049.03,2677
1400000U,6037405001,4050.01,5366
1400000U,6037405002,4050.02,3271
1400000U,6037405101,4051.01,5368
1400000U,6037405102,4051.02,4850
1400000U,6037405201,4052.01,5421
1400000U,6037405202,4052.02,4208
1400000U,6037405203,4052.03,3038
1400000U,6037405301,4053.01,2977
1400000U,6037405302,4053.02,5688
1400000U,6037405400,4054,5027
1400000U,6037405500,4055,6207
1400000U,6037405600,4056,5748
1400000U,6037405701,4057.01,3637
1400000U,6037405702,4057.02,5159
1400000U,6037405800,4058,5514
1400000U,6037405900,4059,4217
1400000U,6037406000,4060,5235
1400000U,6037406101,4061.01,3206
1400000U,6037406103,4061.03,8008
1400000U,6037406201,4062.01,3655
1400000U,6037406300,4063,5730
1400000U,6037406413,4064.13,6398
1400000U,6037406500,4065,7917
1400000U,6037406601,4066.01,5037
1400000U,6037406602,4066.02,4676
1400000U,6037406701,4067.01,3198
1400000U,6037406702,4067.02,7019
1400000U,6037406801,4068.01,4972
1400000U,6037406903,4069.03,7307
1400000U,6037407001,4070.01,5934
1400000U,6037407002,4070.02,3372
1400000U,6037407101,4071.01,4315
1400000U,6037407102,4071.02,5415
1400000U,6037407201,4072.01,3425
1400000U,6037407202,4072.02,3082
1400000U,6037407301,4073.01,3752
1400000U,6037407302,4073.02,3593
1400000U,6037407400,4074,1848
1400000U,6037407501,4075.01,4241
1400000U,6037407502,4075.02,3905
1400000U,6037407601,4076.01,4203
1400000U,6037407602,4076.02,4026
1400000U,6037407701,4077.01,4418
1400000U,6037407702,4077.02,6536
1400000U,6037407801,4078.01,5148
1400000U,6037407802,4078.02,3207
1400000U,6037407901,4079.01,4317
1400000U,6037407902,4079.02,1632
1400000U,6037408003,4080.03,4687
1400000U,6037408004,4080.04,2414
1400000U,6037408005,4080.05,5367
1400000U,6037408006,4080.06,3878
1400000U,6037408133,4081.33,5988
1400000U,6037408134,4081.34,2641
1400000U,6037408135,4081.35,4336
1400000U,6037408136,4081.36,3718
1400000U,6037408137,4081.37,4099
1400000U,6037408138,4081.38,4889
1400000U,6037408139,4081.39,4478
1400000U,6037408140,4081.4,3409
1400000U,6037408141,4081.41,4075
1400000U,6037408212,4082.12,4750
1400000U,6037408213,4082.13,5787
1400000U,6037408301,4083.01,5923
1400000U,6037408302,4083.02,3350
1400000U,6037408303,4083.03,4228
1400000U,6037408401,4084.01,4352
1400000U,6037408402,4084.02,6286
1400000U,6037408503,4085.03,6923
1400000U,6037408504,4085.04,5418
1400000U,6037408505,4085.05,2373
1400000U,6037408623,4086.23,3117
1400000U,6037408624,4086.24,3054
1400000U,6037408625,4086.25,3873
1400000U,6037408626,4086.26,3778
1400000U,6037408627,4086.27,2626
1400000U,6037408628,4086.28,5591
1400000U,6037408629,4086.29,3069
1400000U,6037408631,4086.31,5014
1400000U,6037408703,4087.03,5547
1400000U,6037408705,4087.05,5540
1400000U,6037408707,4087.07,6507
1400000U,6037408722,4087.22,4244
1400000U,6037408724,4087.24,5435
1400000U,6037408725,4087.25,5854
1400000U,6037408800,4088,4759
1400000U,6037408900,4089,5529
1400000U,6037409000,4090,7610
1400000U,6037409100,4091,5576
1400000U,6037430003,4300.03,4848
1400000U,6037430004,4300.04,3331
1400000U,6037430005,4300.05,3822
1400000U,6037430101,4301.01,5018
1400000U,6037430102,4301.02,4902
1400000U,6037430200,4302,1041
1400000U,6037430301,4303.01,4694
1400000U,6037430302,4303.02,4859
1400000U,6037430400,4304,4267
1400000U,6037430501,4305.01,4526
1400000U,6037430502,4305.02,6494
1400000U,6037430600,4306,4291
1400000U,6037430701,4307.01,5074
1400000U,6037430721,4307.21,3303
1400000U,6037430723,4307.23,5075
1400000U,6037430724,4307.24,5018
1400000U,6037430801,4308.01,7235
1400000U,6037430802,4308.02,4008
1400000U,6037430803,4308.03,5079
1400000U,6037430901,4309.01,4169
1400000U,6037430902,4309.02,5111
1400000U,6037431002,4310.02,3072
1400000U,6037431003,4310.03,4754
1400000U,6037431004,4310.04,3343
1400000U,6037431100,4311,7321
1400000U,6037431200,4312,6459
1400000U,6037431300,4313,2620
1400000U,6037431400,4314,3770
1400000U,6037431501,4315.01,3874
1400000U,6037431502,4315.02,4531
1400000U,6037431600,4316,3913
1400000U,6037431701,4317.01,6323
1400000U,6037431800,4318,5324
1400000U,6037431900,4319,3688
1400000U,6037432001,4320.01,2261
1400000U,6037432002,4320.02,5416
1400000U,6037432101,4321.01,4756
1400000U,6037432102,4321.02,5479
1400000U,6037432201,4322.01,4693
1400000U,6037432202,4322.02,3544
1400000U,6037432300,4323,3960
1400000U,6037432401,4324.01,4217
1400000U,6037432402,4324.02,5378
1400000U,6037432501,4325.01,4199
1400000U,6037432502,4325.02,4310
1400000U,6037432601,4326.01,6453
1400000U,6037432602,4326.02,4461
1400000U,6037432700,4327,4592
1400000U,6037432801,4328.01,2307
1400000U,6037432802,4328.02,5389
1400000U,6037432901,4329.01,4265
1400000U,6037432902,4329.02,2993
1400000U,6037433103,4331.03,6702
1400000U,6037433200,4332,6089
1400000U,6037433302,4333.02,1837
1400000U,6037433304,4333.04,3999
1400000U,6037433305,4333.05,4570
1400000U,6037433306,4333.06,3056
1400000U,6037433307,4333.07,2738
1400000U,6037433402,4334.02,4616
1400000U,6037433403,4334.03,4860
1400000U,6037433505,4335.05,3981
1400000U,6037433506,4335.06,3579
1400000U,6037433601,4336.01,4873
1400000U,6037433602,4336.02,2730
1400000U,6037433803,4338.03,3240
1400000U,6037433804,4338.04,4581
1400000U,6037433901,4339.01,5401
1400000U,6037433903,4339.03,5432
1400000U,6037434001,4340.01,4531
1400000U,6037434003,4340.03,3704
1400000U,6037434004,4340.04,3136
1400000U,6037434100,4341,5919
1400000U,6037460001,4600.01,1853
1400000U,6037460002,4600.02,2748
1400000U,6037460101,4601.01,5650
1400000U,6037460200,4602,5841
1400000U,6037460301,4603.01,4779
1400000U,6037460302,4603.02,4399
1400000U,6037460401,4604.01,1093
1400000U,6037460501,4605.01,5249
1400000U,6037460502,4605.02,4810
1400000U,6037460601,4606.01,5244
1400000U,6037460700,4607,4791
1400000U,6037460800,4608,2792
1400000U,6037460900,4609,6394
1400000U,6037461000,4610,5493
1400000U,6037461100,4611,5153
1400000U,6037461200,4612,4320
1400000U,6037461300,4613,6027
1400000U,6037461400,4614,2695
1400000U,6037461501,4615.01,3559
1400000U,6037461502,4615.02,6056
1400000U,6037461600,4616,5161
1400000U,6037461700,4617,1344
1400000U,6037461901,4619.01,4658
1400000U,6037461902,4619.02,2004
1400000U,6037462001,4620.01,4303
1400000U,6037462002,4620.02,3577
1400000U,6037462100,4621,4710
1400000U,6037462201,4622.01,3615
1400000U,6037462202,4622.02,3206
1400000U,6037462301,4623.01,3924
1400000U,6037462302,4623.02,3377
1400000U,6037462400,4624,3870
1400000U,6037462500,4625,6482
1400000U,6037462600,4626,2392
1400000U,6037462700,4627,5755
1400000U,6037462800,4628,2919
1400000U,6037462900,4629,3654
1400000U,6037463000,4630,2726
1400000U,6037463103,4631.03,5607
1400000U,6037463200,4632,3262
1400000U,6037463300,4633,2014
1400000U,6037463400,4634,5869
1400000U,6037463500,4635,6173
1400000U,6037463601,4636.01,6245
1400000U,6037463602,4636.02,5896
1400000U,6037463700,4637,3429
1400000U,6037463800,4638,3993
1400000U,6037463900,4639,3115
1400000U,6037464000,4640,5348
1400000U,6037464101,4641.01,2223
1400000U,6037464102,4641.02,4381
1400000U,6037464200,4642,5675
1400000U,6037480002,4800.02,3843
1400000U,6037480011,4800.11,5220
1400000U,6037480012,4800.12,4751
1400000U,6037480101,4801.01,4106
1400000U,6037480102,4801.02,3957
1400000U,6037480201,4802.01,3744
1400000U,6037480202,4802.02,2712
1400000U,6037480302,4803.02,3992
1400000U,6037480303,4803.03,4426
1400000U,6037480304,4803.04,4145
1400000U,6037480400,4804,5893
1400000U,6037480500,4805,5301
1400000U,6037480601,4806.01,4044
1400000U,6037480602,4806.02,4302
1400000U,6037480702,4807.02,4501
1400000U,6037480703,4807.03,4074
1400000U,6037480704,4807.04,4075
1400000U,6037480802,4808.02,3220
1400000U,6037480803,4808.03,3027
1400000U,6037480804,4808.04,4675
1400000U,6037480901,4809.01,3901
1400000U,6037480902,4809.02,4012
1400000U,6037480903,4809.03,2873
1400000U,6037481001,4810.01,4582
1400000U,6037481002,4810.02,5748
1400000U,6037481101,4811.01,4275
1400000U,6037481102,4811.02,3603
1400000U,6037481103,4811.03,5315
1400000U,6037481201,4812.01,4000
1400000U,6037481203,4812.03,6768
1400000U,6037481300,4813,3072
1400000U,6037481401,4814.01,5433
1400000U,6037481403,4814.03,3132
1400000U,6037481404,4814.04,3867
1400000U,6037481500,4815,4336
1400000U,6037481603,4816.03,3580
1400000U,6037481604,4816.04,4183
1400000U,6037481605,4816.05,2811
1400000U,6037481606,4816.06,4916
1400000U,6037481711,4817.11,4397
1400000U,6037481712,4817.12,5182
1400000U,6037481713,4817.13,2727
1400000U,6037481714,4817.14,2595
1400000U,6037481800,4818,2282
1400000U,6037481901,4819.01,5562
1400000U,6037481902,4819.02,3319
1400000U,6037482001,4820.01,2647
1400000U,6037482002,4820.02,6821
1400000U,6037482101,4821.01,4525
1400000U,6037482102,4821.02,3295
1400000U,6037482201,4822.01,3857
1400000U,6037482202,4822.02,5441
1400000U,6037482301,4823.01,4855
1400000U,6037482303,4823.03,4766
1400000U,6037482304,4823.04,2877
1400000U,6037482401,4824.01,3647
1400000U,6037482403,4824.03,3254
1400000U,6037482404,4824.04,3429
1400000U,6037482502,4825.02,3520
1400000U,6037482503,4825.03,4007
1400000U,6037482521,4825.21,5385
1400000U,6037482522,4825.22,4165
1400000U,6037482600,4826,6377
1400000U,6037482701,4827.01,3856
1400000U,6037482702,4827.02,2392
1400000U,6037482801,4828.01,3826
1400000U,6037500100,5001,3687
1400000U,6037500202,5002.02,4919
1400000U,6037500203,5002.03,4156
1400000U,6037500204,5002.04,2361
1400000U,6037500300,5003,2691
1400000U,6037500402,5004.02,4660
1400000U,6037500403,5004.03,3841
1400000U,6037500404,5004.04,4401
1400000U,6037500500,5005,2820
1400000U,6037500600,5006,5857
1400000U,6037500700,5007,6413
1400000U,6037500800,5008,4717
1400000U,6037500900,5009,5256
1400000U,6037501001,5010.01,3015
1400000U,6037501002,5010.02,4598
1400000U,6037501200,5012,4982
1400000U,6037501301,5013.01,2978
1400000U,6037501302,5013.02,4534
1400000U,6037501400,5014,3443
1400000U,6037501501,5015.01,1963
1400000U,6037501503,5015.03,5418
1400000U,6037501504,5015.04,3317
1400000U,6037501600,5016,7339
1400000U,6037501700,5017,3793
1400000U,6037501802,5018.02,3219
1400000U,6037501803,5018.03,4690
1400000U,6037501804,5018.04,2133
1400000U,6037501900,5019,4330
1400000U,6037502003,5020.03,2675
1400000U,6037502004,5020.04,3695
1400000U,6037502005,5020.05,4392
1400000U,6037502100,5021,5339
1400000U,6037502200,5022,7093
1400000U,6037502303,5023.03,8229
1400000U,6037502401,5024.01,5074
1400000U,6037502402,5024.02,3470
1400000U,6037502500,5025,4255
1400000U,6037502602,5026.02,4178
1400000U,6037502603,5026.03,3329
1400000U,6037502604,5026.04,3682
1400000U,6037502700,5027,7569
1400000U,6037502801,5028.01,6449
1400000U,6037502901,5029.01,5457
1400000U,6037503000,5030,5594
1400000U,6037503103,5031.03,5595
1400000U,6037503104,5031.04,2344
1400000U,6037503105,5031.05,3394
1400000U,6037503106,5031.06,3961
1400000U,6037503201,5032.01,3878
1400000U,6037503202,5032.02,4217
1400000U,6037503301,5033.01,3436
1400000U,6037503302,5033.02,6070
1400000U,6037503401,5034.01,7145
1400000U,6037503402,5034.02,3845
1400000U,6037503501,5035.01,6913
1400000U,6037503502,5035.02,3842
1400000U,6037503601,5036.01,4140
1400000U,6037503602,5036.02,3786
1400000U,6037503701,5037.01,4896
1400000U,6037503702,5037.02,5165
1400000U,6037503704,5037.04,4365
1400000U,6037503705,5037.05,2928
1400000U,6037503801,5038.01,3718
1400000U,6037503802,5038.02,5186
1400000U,6037503901,5039.01,2217
1400000U,6037503902,5039.02,5065
1400000U,6037504001,5040.01,5141
1400000U,6037504002,5040.02,5331
1400000U,6037504101,5041.01,5068
1400000U,6037504200,5042,7160
1400000U,6037530005,5300.05,3430
1400000U,6037530006,5300.06,4698
1400000U,6037530007,5300.07,6453
1400000U,6037530101,5301.01,5163
1400000U,6037530102,5301.02,4817
1400000U,6037530202,5302.02,4133
1400000U,6037530203,5302.03,2803
1400000U,6037530204,5302.04,3735
1400000U,6037530301,5303.01,2100
1400000U,6037530302,5303.02,6189
1400000U,6037530400,5304,3576
1400000U,6037530500,5305,4001
1400000U,6037530603,5306.03,4439
1400000U,6037530700,5307,2070
1400000U,6037530801,5308.01,5914
1400000U,6037530802,5308.02,3224
1400000U,6037530901,5309.01,3954
1400000U,6037530902,5309.02,3745
1400000U,6037531000,5310,4609
1400000U,6037531101,5311.01,4525
1400000U,6037531102,5311.02,2428
1400000U,6037531201,5312.01,4180
1400000U,6037531202,5312.02,4493
1400000U,6037531301,5313.01,5450
1400000U,6037531302,5313.02,5648
1400000U,6037531502,5315.02,3209
1400000U,6037531503,5315.03,2445
1400000U,6037531504,5315.04,3990
1400000U,6037531602,5316.02,3747
1400000U,6037531603,5316.03,3483
1400000U,6037531604,5316.04,3065
1400000U,6037531701,5317.01,5398
1400000U,6037531702,5317.02,4832
1400000U,6037531800,5318,4508
1400000U,6037531901,5319.01,6664
1400000U,6037531902,5319.02,4014
1400000U,6037532001,5320.01,3133
1400000U,6037532002,5320.02,3348
1400000U,6037532101,5321.01,7260
1400000U,6037532102,5321.02,3655
1400000U,6037532200,5322,6445
1400000U,6037532302,5323.02,4622
1400000U,6037532303,5323.03,4111
1400000U,6037532304,5323.04,3968
1400000U,6037532500,5325,3736
1400000U,6037532605,5326.05,4431
1400000U,6037532606,5326.06,4052
1400000U,6037532607,5326.07,5150
1400000U,6037532700,5327,3128
1400000U,6037532800,5328,4291
1400000U,6037532900,5329,6247
1400000U,6037533001,5330.01,4368
1400000U,6037533002,5330.02,2217
1400000U,6037533103,5331.03,3189
1400000U,6037533104,5331.04,4307
1400000U,6037533105,5331.05,2476
1400000U,6037533108,5331.08,4758
1400000U,6037533201,5332.01,2157
1400000U,6037533204,5332.04,4099
1400000U,6037533300,5333,3061
1400000U,6037533401,5334.01,4534
1400000U,6037533402,5334.02,3988
1400000U,6037533403,5334.03,2507
1400000U,6037533501,5335.01,2796
1400000U,6037533504,5335.04,3879
1400000U,6037533601,5336.01,4227
1400000U,6037533602,5336.02,5081
1400000U,6037533603,5336.03,6314
1400000U,6037533701,5337.01,2909
1400000U,6037533702,5337.02,3678
1400000U,6037533703,5337.03,3916
1400000U,6037533803,5338.03,5723
1400000U,6037533804,5338.04,3666
1400000U,6037533805,5338.05,3883
1400000U,6037533806,5338.06,3307
1400000U,6037533901,5339.01,5170
1400000U,6037533902,5339.02,4339
1400000U,6037534001,5340.01,5154
1400000U,6037534002,5340.02,3982
1400000U,6037534101,5341.01,1898
1400000U,6037534102,5341.02,5860
1400000U,6037534201,5342.01,4097
1400000U,6037534202,5342.02,4875
1400000U,6037534203,5342.03,3286
1400000U,6037534301,5343.01,4028
1400000U,6037534302,5343.02,3835
1400000U,6037534403,5344.03,3311
1400000U,6037534404,5344.04,3118
1400000U,6037534405,5344.05,3925
1400000U,6037534406,5344.06,4108
1400000U,6037534501,5345.01,5441
1400000U,6037534502,5345.02,3187
1400000U,6037534700,5347,4165
1400000U,6037534802,5348.02,2466
1400000U,6037534803,5348.03,4517
1400000U,6037534804,5348.04,4298
1400000U,6037534900,5349,6133
1400000U,6037535001,5350.01,4166
1400000U,6037535002,5350.02,3665
1400000U,6037535101,5351.01,7981
1400000U,6037535102,5351.02,4522
1400000U,6037535200,5352,5799
1400000U,6037535300,5353,5818
1400000U,6037535400,5354,3388
1400000U,6037535501,5355.01,2966
1400000U,6037535502,5355.02,5003
1400000U,6037535503,5355.03,2495
1400000U,6037535603,5356.03,3754
1400000U,6037535604,5356.04,4242
1400000U,6037535605,5356.05,4658
1400000U,6037535606,5356.06,1899
1400000U,6037535607,5356.07,4611
1400000U,6037535701,5357.01,5757
1400000U,6037535702,5357.02,5756
1400000U,6037535802,5358.02,6316
1400000U,6037535803,5358.03,3549
1400000U,6037535804,5358.04,6041
1400000U,6037535901,5359.01,6051
1400000U,6037535902,5359.02,5735
1400000U,6037536000,5360,3182
1400000U,6037536102,5361.02,3405
1400000U,6037536103,5361.03,5162
1400000U,6037536104,5361.04,3481
1400000U,6037536201,5362.01,3559
1400000U,6037536202,5362.02,4214
1400000U,6037540000,5400,6734
1400000U,6037540101,5401.01,6345
1400000U,6037540102,5401.02,5652
1400000U,6037540201,5402.01,2269
1400000U,6037540202,5402.02,7196
1400000U,6037540203,5402.03,5075
1400000U,6037540300,5403,4429
1400000U,6037540400,5404,1906
1400000U,6037540501,5405.01,5455
1400000U,6037540502,5405.02,6765
1400000U,6037540600,5406,4395
1400000U,6037540700,5407,3205
1400000U,6037540800,5408,5514
1400000U,6037540901,5409.01,5169
1400000U,6037540902,5409.02,4281
1400000U,6037541003,5410.03,4650
1400000U,6037541100,5411,3108
1400000U,6037541200,5412,6074
1400000U,6037541300,5413,5545
1400000U,6037541401,5414.01,3414
1400000U,6037541402,5414.02,3218
1400000U,6037541500,5415,5105
1400000U,6037541603,5416.03,2821
1400000U,6037541604,5416.04,5223
1400000U,6037541605,5416.05,5060
1400000U,6037541606,5416.06,2783
1400000U,6037541700,5417,5571
1400000U,6037541801,5418.01,5648
1400000U,6037541802,5418.02,5114
1400000U,6037542000,5420,5241
1400000U,6037542103,5421.03,3288
1400000U,6037542104,5421.04,4050
1400000U,6037542105,5421.05,5047
1400000U,6037542106,5421.06,2319
1400000U,6037542200,5422,6879
1400000U,6037542401,5424.01,4370
1400000U,6037542402,5424.02,4023
1400000U,6037542501,5425.01,4368
1400000U,6037542502,5425.02,4573
1400000U,6037542601,5426.01,3306
1400000U,6037542602,5426.02,5249
1400000U,6037542700,5427,5732
1400000U,6037542800,5428,3230
1400000U,6037542900,5429,3535
1400000U,6037543000,5430,4204
1400000U,6037543100,5431,6692
1400000U,6037543201,5432.01,3525
1400000U,6037543203,5432.03,4081
1400000U,6037543304,5433.04,6788
1400000U,6037543305,5433.05,3803
1400000U,6037543306,5433.06,6821
1400000U,6037543321,5433.21,5789
1400000U,6037543322,5433.22,6951
1400000U,6037543400,5434,3599
1400000U,6037543501,5435.01,6326
1400000U,6037543502,5435.02,4550
1400000U,6037543503,5435.03,5329
1400000U,6037543601,5436.01,4531
1400000U,6037543603,5436.03,3795
1400000U,6037543605,5436.05,4184
1400000U,6037543606,5436.06,4051
1400000U,6037543607,5436.07,4986
1400000U,6037543701,5437.01,3040
1400000U,6037543703,5437.03,4207
1400000U,6037543704,5437.04,2936
1400000U,6037543705,5437.05,3194
1400000U,6037543801,5438.01,4470
1400000U,6037543803,5438.03,4272
1400000U,6037543804,5438.04,4563
1400000U,6037543903,5439.03,4127
1400000U,6037543905,5439.05,4479
1400000U,6037544001,5440.01,3968
1400000U,6037544002,5440.02,3835
1400000U,6037550101,5501.01,3958
1400000U,6037550201,5502.01,2923
1400000U,6037550202,5502.02,5095
1400000U,6037550301,5503.01,4309
1400000U,6037550501,5505.01,3864
1400000U,6037550502,5505.02,4141
1400000U,6037550601,5506.01,5993
1400000U,6037550602,5506.02,3830
1400000U,6037550700,5507,6803
1400000U,6037550801,5508.01,4773
1400000U,6037550802,5508.02,1938
1400000U,6037550901,5509.01,4742
1400000U,6037550902,5509.02,5570
1400000U,6037551001,5510.01,3237
1400000U,6037551002,5510.02,4346
1400000U,6037551101,5511.01,3950
1400000U,6037551102,5511.02,5551
1400000U,6037551201,5512.01,3541
1400000U,6037551203,5512.03,4111
1400000U,6037551204,5512.04,3465
1400000U,6037551300,5513,5670
1400000U,6037551401,5514.01,4011
1400000U,6037551402,5514.02,5067
1400000U,6037551501,5515.01,4713
1400000U,6037551502,5515.02,4517
1400000U,6037551700,5517,6286
1400000U,6037551801,5518.01,3315
1400000U,6037551802,5518.02,3803
1400000U,6037551900,5519,5324
1400000U,6037552001,5520.01,3853
1400000U,6037552002,5520.02,3391
1400000U,6037552100,5521,5405
1400000U,6037552200,5522,6115
1400000U,6037552301,5523.01,4548
1400000U,6037552302,5523.02,4024
1400000U,6037552400,5524,2318
1400000U,6037552601,5526.01,5187
1400000U,6037552602,5526.02,3520
1400000U,6037552700,5527,6593
1400000U,6037552800,5528,6332
1400000U,6037552900,5529,6565
1400000U,6037553000,5530,5107
1400000U,6037553100,5531,6255
1400000U,6037553201,5532.01,3708
1400000U,6037553202,5532.02,3459
1400000U,6037553300,5533,3829
1400000U,6037553400,5534,3472
1400000U,6037553502,5535.02,3629
1400000U,6037553503,5535.03,3013
1400000U,6037553504,5535.04,4626
1400000U,6037553601,5536.01,4518
1400000U,6037553602,5536.02,5026
1400000U,6037553701,5537.01,3925
1400000U,6037553702,5537.02,4614
1400000U,6037553801,5538.01,4124
1400000U,6037553802,5538.02,6654
1400000U,6037553901,5539.01,6492
1400000U,6037553902,5539.02,5925
1400000U,6037554001,5540.01,4342
1400000U,6037554002,5540.02,5739
1400000U,6037554101,5541.01,3540
1400000U,6037554105,5541.05,4280
1400000U,6037554106,5541.06,3943
1400000U,6037554201,5542.01,3521
1400000U,6037554203,5542.03,3914
1400000U,6037554204,5542.04,4821
1400000U,6037554301,5543.01,3418
1400000U,6037554302,5543.02,4268
1400000U,6037554403,5544.03,5592
1400000U,6037554404,5544.04,4423
1400000U,6037554405,5544.05,3573
1400000U,6037554406,5544.06,4771
1400000U,6037554511,5545.11,3746
1400000U,6037554512,5545.12,6428
1400000U,6037554513,5545.13,2473
1400000U,6037554514,5545.14,4564
1400000U,6037554515,5545.15,3328
1400000U,6037554516,5545.16,3632
1400000U,6037554517,5545.17,4774
1400000U,6037554518,5545.18,5042
1400000U,6037554519,5545.19,3243
1400000U,6037554521,5545.21,6125
1400000U,6037554522,5545.22,4985
1400000U,6037554600,5546,3968
1400000U,6037554700,5547,4170
1400000U,6037554801,5548.01,2884
1400000U,6037554802,5548.02,5920
1400000U,6037554900,5549,7240
1400000U,6037555001,5550.01,5359
1400000U,6037555002,5550.02,3808
1400000U,6037555105,5551.05,6136
1400000U,6037555106,5551.06,2698
1400000U,6037555107,5551.07,5422
1400000U,6037555202,5552.02,3689
1400000U,6037555211,5552.11,5509
1400000U,6037555212,5552.12,5609
1400000U,6037555300,5553,4819
1400000U,6037570001,5700.01,4746
1400000U,6037570002,5700.02,2523
1400000U,6037570003,5700.03,3836
1400000U,6037570100,5701,2966
1400000U,6037570202,5702.02,6850
1400000U,6037570203,5702.03,3926
1400000U,6037570204,5702.04,4557
1400000U,6037570303,5703.03,4052
1400000U,6037570304,5703.04,4881
1400000U,6037570305,5703.05,4896
1400000U,6037570306,5703.06,2963
1400000U,6037570402,5704.02,3353
1400000U,6037570403,5704.03,3865
1400000U,6037570404,5704.04,4005
1400000U,6037570502,5705.02,6184
1400000U,6037570503,5705.03,3752
1400000U,6037570504,5705.04,3210
1400000U,6037570601,5706.01,5893
1400000U,6037570602,5706.02,5639
1400000U,6037570603,5706.03,5566
1400000U,6037570701,5707.01,7372
1400000U,6037570703,5707.03,2952
1400000U,6037570800,5708,5313
1400000U,6037570901,5709.01,5661
1400000U,6037570902,5709.02,3385
1400000U,6037571000,5710,5598
1400000U,6037571101,5711.01,5034
1400000U,6037571102,5711.02,3617
1400000U,6037571201,5712.01,3819
1400000U,6037571202,5712.02,3903
1400000U,6037571300,5713,4818
1400000U,6037571400,5714,4987
1400000U,6037571502,5715.02,5096
1400000U,6037571504,5715.04,5045
1400000U,6037571505,5715.05,2889
1400000U,6037571600,5716,2182
1400000U,6037571701,5717.01,6239
1400000U,6037571703,5717.03,3430
1400000U,6037571704,5717.04,3817
1400000U,6037571800,5718,3240
1400000U,6037571900,5719,5971
1400000U,6037572001,5720.01,6254
1400000U,6037572201,5722.01,5629
1400000U,6037572202,5722.02,3372
1400000U,6037572301,5723.01,3809
1400000U,6037572500,5725,3700
1400000U,6037572600,5726,5005
1400000U,6037572700,5727,5290
1400000U,6037573002,5730.02,3288
1400000U,6037573003,5730.03,1723
1400000U,6037573004,5730.04,4878
1400000U,6037573101,5731.01,4531
1400000U,6037573102,5731.02,2891
1400000U,6037573201,5732.01,3844
1400000U,6037573202,5732.02,6678
1400000U,6037573300,5733,3840
1400000U,6037573401,5734.01,1505
1400000U,6037573402,5734.02,7000
1400000U,6037573403,5734.03,3058
1400000U,6037573601,5736.01,6353
1400000U,6037573700,5737,5423
1400000U,6037573800,5738,4155
1400000U,6037573902,5739.02,2212
1400000U,6037574000,5740,5108
1400000U,6037574100,5741,5151
1400000U,6037574201,5742.01,3265
1400000U,6037574202,5742.02,2229
1400000U,6037574300,5743,6677
1400000U,6037574400,5744,5555
1400000U,6037574500,5745,6744
1400000U,6037574602,5746.02,1267
1400000U,6037574800,5748,3182
1400000U,6037574901,5749.01,3949
1400000U,6037574902,5749.02,5507
1400000U,6037575001,5750.01,4225
1400000U,6037575002,5750.02,4554
1400000U,6037575101,5751.01,4279
1400000U,6037575102,5751.02,4250
1400000U,6037575103,5751.03,5107
1400000U,6037575201,5752.01,4335
1400000U,6037575202,5752.02,4177
1400000U,6037575300,5753,4064
1400000U,6037575401,5754.01,4259
1400000U,6037575402,5754.02,3750
1400000U,6037575801,5758.01,2241
1400000U,6037575802,5758.02,4450
1400000U,6037575803,5758.03,2527
1400000U,6037575901,5759.01,3530
1400000U,6037575902,5759.02,4869
1400000U,6037576001,5760.01,6005
1400000U,6037576200,5762,5190
1400000U,6037576301,5763.01,4756
1400000U,6037576302,5763.02,2986
1400000U,6037576401,5764.01,3933
1400000U,6037576402,5764.02,4256
1400000U,6037576403,5764.03,4814
1400000U,6037576501,5765.01,2805
1400000U,6037576502,5765.02,4997
1400000U,6037576503,5765.03,3919
1400000U,6037576601,5766.01,4193
1400000U,6037576602,5766.02,4601
1400000U,6037576700,5767,4163
1400000U,6037576801,5768.01,3760
1400000U,6037576802,5768.02,4426
1400000U,6037576901,5769.01,5152
1400000U,6037576903,5769.03,4018
1400000U,6037576904,5769.04,3098
1400000U,6037577000,5770,6993
1400000U,6037577100,5771,7452
1400000U,6037577200,5772,5893
1400000U,6037577300,5773,5935
1400000U,6037577400,5774,2807
1400000U,6037577501,5775.01,3333
1400000U,6037577504,5775.04,1372
1400000U,6037577602,5776.02,3229
1400000U,6037577604,5776.04,1655
1400000U,6037577605,5776.05,4661
1400000U,6037577606,5776.06,3875
1400000U,6037577700,5777,4681
1400000U,6037577800,5778,4666
1400000U,6037577900,5779,5598
1400000U,6037578000,5780,5360
1400000U,6037578100,5781,2249
1400000U,6037599000,5990,3258
1400000U,6037599100,5991,723
1400000U,6037600100,6001,7184
1400000U,6037600201,6002.01,5151
1400000U,6037600202,6002.02,6923
1400000U,6037600302,6003.02,2701
1400000U,6037600303,6003.03,4178
1400000U,6037600304,6003.04,3946
1400000U,6037600400,6004,4208
1400000U,6037600501,6005.01,2510
1400000U,6037600601,6006.01,2594
1400000U,6037600602,6006.02,2693
1400000U,6037600702,6007.02,4638
1400000U,6037600703,6007.03,1623
1400000U,6037600704,6007.04,3027
1400000U,6037600801,6008.01,2866
1400000U,6037600802,6008.02,2458
1400000U,6037600902,6009.02,6382
1400000U,6037600911,6009.11,3542
1400000U,6037600912,6009.12,4813
1400000U,6037601001,6010.01,2160
1400000U,6037601002,6010.02,5022
1400000U,6037601100,6011,7199
1400000U,6037601202,6012.02,3845
1400000U,6037601211,6012.11,2996
1400000U,6037601212,6012.12,5054
1400000U,6037601301,6013.01,1888
1400000U,6037601302,6013.02,6513
1400000U,6037601303,6013.03,5465
1400000U,6037601401,6014.01,6594
1400000U,6037601402,6014.02,4450
1400000U,6037601501,6015.01,3640
1400000U,6037601502,6015.02,3423
1400000U,6037601600,6016,4067
1400000U,6037601700,6017,5263
1400000U,6037601801,6018.01,3049
1400000U,6037601802,6018.02,3454
1400000U,6037601900,6019,4452
1400000U,6037602002,6020.02,3036
1400000U,6037602003,6020.03,4220
1400000U,6037602103,6021.03,5476
1400000U,6037602104,6021.04,5646
1400000U,6037602105,6021.05,3880
1400000U,6037602106,6021.06,6197
1400000U,6037602201,6022.01,4494
1400000U,6037602202,6022.02,2882
1400000U,6037602301,6023.01,6878
1400000U,6037602302,6023.02,4796
1400000U,6037602402,6024.02,7194
1400000U,6037602403,6024.03,4266
1400000U,6037602404,6024.04,5932
1400000U,6037602504,6025.04,4849
1400000U,6037602505,6025.05,4704
1400000U,6037602506,6025.06,4012
1400000U,6037602507,6025.07,4678
1400000U,6037602510,6025.1,4004
1400000U,6037602511,6025.11,4229
1400000U,6037602512,6025.12,1889
1400000U,6037602513,6025.13,1428
1400000U,6037602601,6026.01,4989
1400000U,6037602602,6026.02,2659
1400000U,6037602700,6027,3545
1400000U,6037602801,6028.01,4200
1400000U,6037602802,6028.02,4438
1400000U,6037602900,6029,4256
1400000U,6037603004,6030.04,1797
1400000U,6037603005,6030.05,6471
1400000U,6037603006,6030.06,1970
1400000U,6037603007,6030.07,3471
1400000U,6037603008,6030.08,3833
1400000U,6037603101,6031.01,4878
1400000U,6037603102,6031.02,3412
1400000U,6037603200,6032,3340
1400000U,6037603301,6033.01,3441
1400000U,6037603302,6033.02,4281
1400000U,6037603400,6034,3846
1400000U,6037603500,6035,2934
1400000U,6037603600,6036,4187
1400000U,6037603702,6037.02,4776
1400000U,6037603703,6037.03,2589
1400000U,6037603705,6037.05,2637
1400000U,6037603706,6037.06,3550
1400000U,6037603801,6038.01,4874
1400000U,6037603802,6038.02,4020
1400000U,6037603901,6039.01,3807
1400000U,6037603902,6039.02,3486
1400000U,6037604001,6040.01,4617
1400000U,6037604002,6040.02,3783
1400000U,6037604101,6041.01,3875
1400000U,6037604102,6041.02,2651
1400000U,6037604200,6042,5837
1400000U,6037609900,6099,1731
1400000U,6037620001,6200.01,4209
1400000U,6037620002,6200.02,3408
1400000U,6037620101,6201.01,5411
1400000U,6037620102,6201.02,3835
1400000U,6037620201,6202.01,1548
1400000U,6037620301,6203.01,4223
1400000U,6037620303,6203.03,4653
1400000U,6037620305,6203.05,6038
1400000U,6037620400,6204,5218
1400000U,6037620501,6205.01,5808
1400000U,6037620521,6205.21,4586
1400000U,6037620522,6205.22,4616
1400000U,6037620601,6206.01,6165
1400000U,6037620602,6206.02,5846
1400000U,6037620701,6207.01,7125
1400000U,6037620703,6207.03,3637
1400000U,6037620704,6207.04,3817
1400000U,6037620801,6208.01,3966
1400000U,6037620802,6208.02,3479
1400000U,6037620901,6209.01,2677
1400000U,6037620904,6209.04,2782
1400000U,6037621001,6210.01,4552
1400000U,6037621005,6210.05,4749
1400000U,6037621102,6211.02,3390
1400000U,6037621104,6211.04,6557
1400000U,6037621201,6212.01,7095
1400000U,6037621204,6212.04,2729
1400000U,6037621301,6213.01,7177
1400000U,6037621324,6213.24,3497
1400000U,6037621326,6213.26,3098
1400000U,6037621400,6214,4618
1400000U,6037650001,6500.01,6024
1400000U,6037650003,6500.03,3032
1400000U,6037650004,6500.04,4386
1400000U,6037650101,6501.01,5080
1400000U,6037650102,6501.02,2166
1400000U,6037650200,6502,5921
1400000U,6037650300,6503,7894
1400000U,6037650401,6504.01,4473
1400000U,6037650501,6505.01,2779
1400000U,6037650502,6505.02,4214
1400000U,6037650603,6506.03,3742
1400000U,6037650604,6506.04,5393
1400000U,6037650605,6506.05,2762
1400000U,6037650606,6506.06,4217
1400000U,6037650607,6506.07,2680
1400000U,6037650701,6507.01,2555
1400000U,6037650702,6507.02,4605
1400000U,6037650801,6508.01,3864
1400000U,6037650802,6508.02,3629
1400000U,6037650901,6509.01,4963
1400000U,6037650903,6509.03,4701
1400000U,6037650904,6509.04,2457
1400000U,6037651001,6510.01,5272
1400000U,6037651002,6510.02,4797
1400000U,6037651101,6511.01,4678
1400000U,6037651102,6511.02,4059
1400000U,6037651201,6512.01,4621
1400000U,6037651221,6512.21,3614
1400000U,6037651222,6512.22,6221
1400000U,6037651302,6513.02,5816
1400000U,6037651304,6513.04,5015
1400000U,6037651401,6514.01,2418
1400000U,6037651402,6514.02,5451
1400000U,6037670001,6700.01,3479
1400000U,6037670002,6700.02,3259
1400000U,6037670003,6700.03,6008
1400000U,6037670101,6701.01,3663
1400000U,6037670102,6701.02,4000
1400000U,6037670201,6702.01,3647
1400000U,6037670202,6702.02,2559
1400000U,6037670324,6703.24,5485
1400000U,6037670326,6703.26,3237
1400000U,6037670328,6703.28,4325
1400000U,6037670405,6704.05,2711
1400000U,6037670406,6704.06,1712
1400000U,6037670407,6704.07,5849
1400000U,6037670413,6704.13,4814
1400000U,6037670416,6704.16,4101
1400000U,6037670417,6704.17,2780
1400000U,6037670418,6704.18,4438
1400000U,6037670500,6705,1511
1400000U,6037670603,6706.03,1856
1400000U,6037670604,6706.04,4953
1400000U,6037670701,6707.01,6486
1400000U,6037670702,6707.02,5891
1400000U,6037700101,7001.01,5536
1400000U,6037700102,7001.02,4505
1400000U,6037700200,7002,6694
1400000U,6037700300,7003,5541
1400000U,6037700400,7004,4486
1400000U,6037700501,7005.01,4190
1400000U,6037700502,7005.02,4138
1400000U,6037700600,7006,5117
1400000U,6037700700,7007,3121
1400000U,6037700801,7008.01,4072
1400000U,6037700802,7008.02,4015
1400000U,6037700901,7009.01,4072
1400000U,6037700902,7009.02,6483
1400000U,6037701000,7010,5075
1400000U,6037701201,7012.01,3699
1400000U,6037701202,7012.02,3314
1400000U,6037701302,7013.02,4645
1400000U,6037701304,7013.04,5930
1400000U,6037701402,7014.02,7371
1400000U,6037701501,7015.01,4842
1400000U,6037701502,7015.02,3788
1400000U,6037701601,7016.01,4112
1400000U,6037701602,7016.02,4507
1400000U,6037701701,7017.01,3303
1400000U,6037701702,7017.02,3102
1400000U,6037701801,7018.01,5971
1400000U,6037701802,7018.02,5048
1400000U,6037701902,7019.02,5484
1400000U,6037702002,7020.02,6037
1400000U,6037702102,7021.02,5641
1400000U,6037702201,7022.01,3996
1400000U,6037702202,7022.02,3937
1400000U,6037702300,7023,6801
1400000U,6037702400,7024,4758
1400000U,6037702501,7025.01,4727
1400000U,6037702502,7025.02,4280
1400000U,6037702600,7026,6053
1400000U,6037702700,7027,3349
1400000U,6037702801,7028.01,5564
1400000U,6037702802,7028.02,2266
1400000U,6037702803,7028.03,2941
1400000U,6037702900,7029,8844
1400000U,6037703002,7030.02,7434
1400000U,6037703003,7030.03,6055
1400000U,6037703100,7031,6069
1400000U,6037703200,7032,5675
1400000U,6037800101,8001.01,5715
1400000U,6037800103,8001.03,3682
1400000U,6037800104,8001.04,3921
1400000U,6037800202,8002.02,5943
1400000U,6037800204,8002.04,4162
1400000U,6037800205,8002.05,4003
1400000U,6037800206,8002.06,3590
1400000U,6037800324,8003.24,6421
1400000U,6037800325,8003.25,3703
1400000U,6037800328,8003.28,1267
1400000U,6037800333,8003.33,2188
1400000U,6037800334,8003.34,3502
1400000U,6037800335,8003.35,4296
1400000U,6037800336,8003.36,3947
1400000U,6037800337,8003.37,3419
1400000U,6037800338,8003.38,6411
1400000U,6037800406,8004.06,1948
1400000U,6037800410,8004.1,3647
1400000U,6037800411,8004.11,2475
1400000U,6037800412,8004.12,3688
1400000U,6037800504,8005.04,2024
1400000U,6037800506,8005.06,3037
1400000U,6037900102,9001.02,633
1400000U,6037900103,9001.03,6581
1400000U,6037900104,9001.04,6910
1400000U,6037900301,9003.01,4678
1400000U,6037900501,9005.01,7963
1400000U,6037900504,9005.04,6592
1400000U,6037900505,9005.05,4404
1400000U,6037900506,9005.06,5072
1400000U,6037900508,9005.08,3716
1400000U,6037900509,9005.09,4527
1400000U,6037900510,9005.1,4043
1400000U,6037900602,9006.02,5449
1400000U,6037900606,9006.06,4676
1400000U,6037900607,9006.07,4953
1400000U,6037900608,9006.08,3930
1400000U,6037900609,9006.09,5163
1400000U,6037900610,9006.1,3313
1400000U,6037900611,9006.11,4435
1400000U,6037900701,9007.01,4844
1400000U,6037900703,9007.03,5172
1400000U,6037900704,9007.04,3395
1400000U,6037900705,9007.05,4011
1400000U,6037900804,9008.04,3558
1400000U,6037900805,9008.05,5956
1400000U,6037900806,9008.06,4342
1400000U,6037900807,9008.07,4197
1400000U,6037900808,9008.08,5047
1400000U,6037900901,9009.01,3252
1400000U,6037900902,9009.02,1388
1400000U,6037901003,9010.03,3394
1400000U,6037901007,9010.07,2104
1400000U,6037901008,9010.08,3268
1400000U,6037901009,9010.09,5874
1400000U,6037901010,9010.1,5502
1400000U,6037901011,9010.11,4859
1400000U,6037901012,9010.12,6365
1400000U,6037901013,9010.13,3378
1400000U,6037901014,9010.14,5054
1400000U,6037901101,9011.01,5689
1400000U,6037901102,9011.02,5412
1400000U,6037901209,9012.09,951
1400000U,6037901210,9012.1,1637
1400000U,6037901214,9012.14,4927
1400000U,6037901215,9012.15,3596
1400000U,6037901216,9012.16,2602
1400000U,6037901217,9012.17,1536
1400000U,6037901218,9012.18,2404
1400000U,6037901300,9013,1862
1400000U,6037910002,9100.02,7197
1400000U,6037910210,9102.1,7166
1400000U,6037910211,9102.11,1751
1400000U,6037910212,9102.12,3322
1400000U,6037910213,9102.13,1464
1400000U,6037910214,9102.14,5593
1400000U,6037910215,9102.15,6943
1400000U,6037910216,9102.16,5164
1400000U,6037910217,9102.17,5678
1400000U,6037910218,9102.18,4263
1400000U,6037910301,9103.01,4413
1400000U,6037910302,9103.02,6396
1400000U,6037910401,9104.01,5995
1400000U,6037910404,9104.04,4405
1400000U,6037910405,9104.05,5851
1400000U,6037910501,9105.01,5719
1400000U,6037910502,9105.02,4301
1400000U,6037910504,9105.04,4032
1400000U,6037910505,9105.05,3172
1400000U,6037910601,9106.01,6495
1400000U,6037910602,9106.02,4670
1400000U,6037910605,9106.05,5113
1400000U,6037910606,9106.06,3239
1400000U,6037910607,9106.07,4225
1400000U,6037910608,9106.08,4023
1400000U,6037910706,9107.06,6824
1400000U,6037910707,9107.07,5192
1400000U,6037910709,9107.09,1712
1400000U,6037910712,9107.12,3251
1400000U,6037910713,9107.13,7157
1400000U,6037910714,9107.14,4052
1400000U,6037910715,9107.15,7006
1400000U,6037910716,9107.16,6277
1400000U,6037910717,9107.17,2277
1400000U,6037910718,9107.18,5536
1400000U,6037910719,9107.19,4546
1400000U,6037910720,9107.2,5320
1400000U,6037910721,9107.21,3823
1400000U,6037910804,9108.04,3060
1400000U,6037910807,9108.07,5954
1400000U,6037910808,9108.08,3918
1400000U,6037910809,9108.09,2297
1400000U,6037910810,9108.1,2849
1400000U,6037910814,9108.14,3108
1400000U,6037910815,9108.15,5152
1400000U,6037911001,9110.01,3546
1400000U,6037911100,9111,7331
1400000U,6037920013,9200.13,7870
1400000U,6037920015,9200.15,6383
1400000U,6037920016,9200.16,5004
1400000U,6037920017,9200.17,4261
1400000U,6037920018,9200.18,2058
1400000U,6037920020,9200.2,5993
1400000U,6037920028,9200.28,8740
1400000U,6037920029,9200.29,3741
1400000U,6037920030,9200.3,5754
1400000U,6037920031,9200.31,6117
1400000U,6037920034,9200.34,4318
1400000U,6037920035,9200.35,8980
1400000U,6037920038,9200.38,3098
1400000U,6037920039,9200.39,1615
1400000U,6037920040,9200.4,3270
1400000U,6037920041,9200.41,3072
1400000U,6037920042,9200.42,6840
1400000U,6037920043,9200.43,8603
1400000U,6037920044,9200.44,2626
1400000U,6037920045,9200.45,4441
1400000U,6037920046,9200.46,3605
1400000U,6037920047,9200.47,7009
1400000U,6037920048,9200.48,5502
1400000U,6037920049,9200.49,6133
1400000U,6037920050,9200.5,1024
1400000U,6037920102,9201.02,4734
1400000U,6037920104,9201.04,2897
1400000U,6037920106,9201.06,3576
1400000U,6037920109,9201.09,4646
1400000U,6037920110,9201.1,2891
1400000U,6037920111,9201.11,3065
1400000U,6037920112,9201.12,3927
1400000U,6037920114,9201.14,5358
1400000U,6037920115,9201.15,4048
1400000U,6037920116,9201.16,4949
1400000U,6037920118,9201.18,6248
1400000U,6037920119,9201.19,1813
1400000U,6037920120,9201.2,4045
1400000U,6037920121,9201.21,10967
1400000U,6037920200,9202,4186
1400000U,6037920303,9203.03,1564
1400000U,6037920312,9203.12,6398
1400000U,6037920313,9203.13,5021
1400000U,6037920314,9203.14,3158
1400000U,6037920322,9203.22,2597
1400000U,6037920326,9203.26,7191
1400000U,6037920328,9203.28,1967
1400000U,6037920329,9203.29,6169
1400000U,6037920330,9203.3,3454
1400000U,6037920331,9203.31,3564
1400000U,6037920332,9203.32,2062
1400000U,6037920334,9203.34,5943
1400000U,6037920338,9203.38,5749
1400000U,6037920339,9203.39,8917
1400000U,6037920340,9203.4,2830
1400000U,6037920341,9203.41,3004
1400000U,6037920342,9203.42,3131
1400000U,6037920343,9203.43,4087
1400000U,6037930400,9304,1309
1400000U,6037980001,9800.01,0
1400000U,6037980002,9800.02,0
1400000U,6037980003,9800.03,0
1400000U,6037980004,9800.04,0
1400000U,6037980005,9800.05,0
1400000U,6037980006,9800.06,0
1400000U,6037980007,9800.07,0
1400000U,6037980008,9800.08,73
1400000U,6037980009,9800.09,5
1400000U,6037980010,9800.1,143
1400000U,6037980011,9800.11,101
1400000U,6037980012,9800.12,20
1400000U,6037980013,9800.13,0
1400000U,6037980014,9800.14,40
1400000U,6037980015,9800.15,1111
1400000U,6037980016,9800.16,371
1400000U,6037980017,9800.17,1362
1400000U,6037980018,9800.18,0
1400000U,6037980019,9800.19,75
1400000U,6037980020,9800.2,0
1400000U,6037980021,9800.21,16
1400000U,6037980022,9800.22,0
1400000U,6037980023,9800.23,47
1400000U,6037980024,9800.24,205
1400000U,6037980025,9800.25,442
1400000U,6037980026,9800.26,15
1400000U,6037980028,9800.28,0
1400000U,6037980030,9800.3,0
1400000U,6037980031,9800.31,970
1400000U,6037980033,9800.33,14
1400000U,6037980034,9800.34,0
1400000U,6037980035,9800.35,642
1400000U,6037980036,9800.36,606
1400000U,6037980037,9800.37,0
1400000U,6037980038,9800.38,0
1400000U,6037980039,9800.39,0
1400000U,6037990100,9901,0
1400000U,6037990200,9902,0
1400000U,6037990300,9903,0
